{"stats":{"minecraft:custom":{"minecraft:interact_with_furnace":7,"minecraft:mob_kills":8,"minecraft:interact_with_crafting_table":6,"minecraft:time_since_death":66880,"minecraft:sleep_in_bed":2,"minecraft:time_since_rest":50665,"minecraft:sprint_one_cm":127629,"minecraft:damage_taken":357,"minecraft:walk_one_cm":223617,"minecraft:damage_blocked_by_shield":225,"minecraft:drop":5,"minecraft:damage_dealt":947,"minecraft:swim_one_cm":27467,"minecraft:fly_one_cm":89066,"minecraft:open_chest":6,"minecraft:crouch_one_cm":2480,"minecraft:play_time":66880,"minecraft:sneak_time":764,"minecraft:walk_under_water_one_cm":10855,"minecraft:boat_one_cm":10438,"minecraft:jump":787,"minecraft:walk_on_water_one_cm":21505,"minecraft:interact_with_smoker":3,"minecraft:total_world_time":66880,"minecraft:fall_one_cm":7763},"minecraft:killed":{"minecraft:cave_spider":1,"minecraft:salmon":4,"minecraft:sheep":1,"minecraft:skeleton":1,"minecraft:zombie":1},"minecraft:picked_up":{"minecraft:crafting_table":4,"minecraft:iron_chestplate":1,"minecraft:andesite":2,"minecraft:salmon":7,"minecraft:wooden_pickaxe":1,"minecraft:potato":1,"minecraft:oak_log":4,"minecraft:shield":1,"minecraft:lapis_lazuli":64,"minecraft:string":2,"minecraft:dirt":2,"minecraft:cooked_salmon":6,"minecraft:iron_leggings":1,"minecraft:bone":1,"minecraft:cobbled_deepslate":6,"minecraft:oak_planks":2,"minecraft:iron_sword":1,"minecraft:iron_boots":1,"minecraft:furnace":1,"minecraft:raw_iron":26,"minecraft:torch":2,"minecraft:acacia_log":31,"minecraft:gravel":4,"minecraft:diorite":18,"minecraft:white_bed":1,"minecraft:arrow":1,"minecraft:rotten_flesh":2,"minecraft:iron_helmet":1,"minecraft:granite":9,"minecraft:bone_meal":1,"minecraft:mutton":2,"minecraft:coal":39,"minecraft:white_wool":1,"minecraft:cobblestone":145},"minecraft:broken":{"minecraft:stone_pickaxe":1,"minecraft:wooden_pickaxe":1},"minecraft:used":{"minecraft:diorite":3,"minecraft:stone_sword":10,"minecraft:stone_pickaxe":210,"minecraft:wooden_pickaxe":44,"minecraft:shield":3,"minecraft:iron_sword":20,"minecraft:cooked_salmon":8,"minecraft:iron_chestplate":1,"minecraft:torch":29,"minecraft:crafting_table":3,"minecraft:stone_axe":41,"minecraft:cobblestone":49,"minecraft:furnace":1,"minecraft:iron_leggings":1},"minecraft:crafted":{"minecraft:oak_planks":4,"minecraft:crafting_table":1,"minecraft:furnace":1,"minecraft:cooked_salmon":16,"minecraft:stone_axe":1,"minecraft:air":0,"minecraft:stick":56,"minecraft:iron_ingot":24,"minecraft:stone_pickaxe":2,"minecraft:stone_sword":1,"minecraft:acacia_planks":28,"minecraft:torch":52},"minecraft:mined":{"minecraft:acacia_leaves":3,"minecraft:crafting_table":4,"minecraft:granite":9,"minecraft:acacia_log":31,"minecraft:cobblestone":3,"minecraft:lapis_ore":7,"minecraft:oak_planks":1,"minecraft:diorite":18,"minecraft:furnace":1,"minecraft:iron_ore":22,"minecraft:andesite":2,"minecraft:deepslate_lapis_ore":6,"minecraft:grass":3,"minecraft:coal_ore":24,"minecraft:oak_log":4,"minecraft:deepslate_iron_ore":4,"minecraft:gravel":5,"minecraft:dirt":2,"minecraft:cobweb":2,"minecraft:stone":144,"minecraft:deepslate":6},"minecraft:dropped":{"minecraft:iron_ingot":2,"minecraft:cooked_salmon":4}},"DataVersion":3465}