{"stats":{"minecraft:custom":{"minecraft:animals_bred":66,"minecraft:interact_with_crafting_table":79,"minecraft:open_barrel":13,"minecraft:bell_ring":17,"minecraft:leave_game":13,"minecraft:time_since_death":115143,"minecraft:sprint_one_cm":1697519,"minecraft:damage_blocked_by_shield":3225,"minecraft:drop":390,"minecraft:talked_to_villager":311,"minecraft:play_time":709717,"minecraft:deaths":10,"minecraft:jump":12828,"minecraft:walk_on_water_one_cm":82155,"minecraft:enchant_item":5,"minecraft:interact_with_furnace":29,"minecraft:traded_with_villager":384,"minecraft:sleep_in_bed":38,"minecraft:damage_dealt":42961,"minecraft:player_kills":3,"minecraft:crouch_one_cm":188973,"minecraft:interact_with_smoker":43,"minecraft:inspect_dispenser":5,"minecraft:horse_one_cm":367655,"minecraft:interact_with_smithing_table":10,"minecraft:mob_kills":233,"minecraft:interact_with_anvil":8,"minecraft:climb_one_cm":10235,"minecraft:walk_one_cm":1580118,"minecraft:sneak_time":65355,"minecraft:walk_under_water_one_cm":60476,"minecraft:boat_one_cm":273391,"minecraft:interact_with_blast_furnace":17,"minecraft:total_world_time":709717,"minecraft:interact_with_stonecutter":1,"minecraft:time_since_rest":9719,"minecraft:damage_taken":10072,"minecraft:damage_absorbed":40,"minecraft:swim_one_cm":177781,"minecraft:fly_one_cm":3301865,"minecraft:open_chest":396,"minecraft:fish_caught":7,"minecraft:fall_one_cm":289028},"minecraft:mined":{"minecraft:dark_oak_planks":1,"minecraft:spruce_planks":8,"minecraft:white_bed":1,"minecraft:brewing_stand":2,"minecraft:obsidian":16,"minecraft:spruce_trapdoor":2,"minecraft:grass_block":46,"minecraft:cracked_polished_blackstone_bricks":13,"minecraft:chiseled_tuff_bricks":4,"minecraft:crimson_fungus":1,"minecraft:nether_wart":40,"minecraft:oxeye_daisy":1,"minecraft:tuff_bricks":11,"minecraft:spawner":2,"minecraft:polished_blackstone_bricks":18,"minecraft:tall_seagrass":1,"minecraft:iron_ore":92,"minecraft:cobbled_deepslate":13,"minecraft:fire":2,"minecraft:polished_tuff":2,"minecraft:anvil":1,"minecraft:fletching_table":3,"minecraft:deepslate_lapis_ore":33,"minecraft:dirt_path":1,"minecraft:deepslate_redstone_ore":21,"minecraft:blackstone":5,"minecraft:smoker":3,"minecraft:powder_snow":7,"minecraft:torch":3,"minecraft:blast_furnace":1,"minecraft:chest":5,"minecraft:mushroom_stem":5,"minecraft:nether_quartz_ore":12,"minecraft:cobblestone":48,"minecraft:sugar_cane":178,"minecraft:oak_planks":21,"minecraft:wall_torch":16,"minecraft:warped_nylium":10,"minecraft:birch_log":27,"minecraft:wheat":103,"minecraft:waxed_copper_block":3,"minecraft:oak_log":108,"minecraft:dirt":29,"minecraft:red_mushroom_block":4,"minecraft:stonecutter":2,"minecraft:netherrack":130,"minecraft:ancient_debris":3,"minecraft:oak_leaves":47,"minecraft:deepslate":427,"minecraft:tuff":5,"minecraft:mossy_cobblestone":2,"minecraft:deepslate_diamond_ore":107,"minecraft:dark_oak_log":34,"minecraft:ladder":14,"minecraft:nether_bricks":6,"minecraft:dark_oak_fence":6,"minecraft:decorated_pot":1,"minecraft:crimson_roots":6,"minecraft:spruce_leaves":198,"minecraft:large_fern":3,"minecraft:hay_block":4,"minecraft:spruce_sapling":2,"minecraft:furnace":3,"minecraft:carrots":95,"minecraft:waxed_copper_grate":2,"minecraft:andesite":19,"minecraft:stripped_spruce_log":2,"minecraft:gold_block":20,"minecraft:deepslate_iron_ore":129,"minecraft:warped_stem":15,"minecraft:stone":173,"minecraft:bone_block":7,"minecraft:smithing_table":1,"minecraft:spruce_door":1,"minecraft:dandelion":2,"minecraft:crafting_table":5,"minecraft:cornflower":1,"minecraft:short_grass":68,"minecraft:warped_roots":3,"minecraft:lectern":6,"minecraft:tall_grass":21,"minecraft:lapis_ore":10,"minecraft:deepslate_gold_ore":96,"minecraft:polished_blackstone_brick_stairs":1,"minecraft:diorite":5,"minecraft:spruce_stairs":2,"minecraft:birch_planks":2,"minecraft:ice":25,"minecraft:spruce_log":563,"minecraft:coal_ore":100,"minecraft:sunflower":1,"minecraft:gravel":27,"minecraft:cobweb":26,"minecraft:gold_ore":17,"minecraft:fern":1},"minecraft:used":{"minecraft:dispenser":2,"minecraft:ladder":21,"minecraft:poppy":2,"minecraft:chest":22,"minecraft:shield":59,"minecraft:iron_sword":296,"minecraft:stone":18,"minecraft:spruce_leaves":68,"minecraft:nether_bricks":5,"minecraft:carrot":129,"minecraft:beehive":1,"minecraft:stripped_spruce_log":232,"minecraft:obsidian":24,"minecraft:glass":151,"minecraft:villager_spawn_egg":3,"minecraft:lantern":11,"minecraft:grass_block":3,"minecraft:warped_nylium":2,"minecraft:bow":47,"minecraft:hay_block":2,"minecraft:oak_sapling":11,"minecraft:furnace":6,"minecraft:gold_block":10,"minecraft:egg":1,"minecraft:golden_boots":1,"minecraft:diorite":6,"minecraft:diamond_boots":1,"minecraft:spruce_door":6,"minecraft:oak_planks":296,"minecraft:stone_pickaxe":248,"minecraft:blackstone":4,"minecraft:wooden_pickaxe":4,"minecraft:composter":2,"minecraft:sugar_cane":101,"minecraft:oak_leaves":10,"minecraft:golden_apple":1,"minecraft:blast_furnace":5,"minecraft:shears":14,"minecraft:birch_fence":26,"minecraft:string":2,"minecraft:lectern":9,"minecraft:deepslate":41,"minecraft:gravel":32,"minecraft:diamond_sword":428,"minecraft:smithing_table":1,"minecraft:andesite":3,"minecraft:smooth_stone_slab":124,"minecraft:oak_boat":7,"minecraft:bone_meal":12,"minecraft:oak_fence":53,"minecraft:enchanting_table":2,"minecraft:stone_sword":12,"minecraft:flint_and_steel":1,"minecraft:spruce_planks":326,"minecraft:stone_hoe":70,"minecraft:cooked_chicken":7,"minecraft:trial_key":2,"minecraft:netherrack":90,"minecraft:torch":317,"minecraft:dirt":1209,"minecraft:anvil":2,"minecraft:white_carpet":6,"minecraft:spruce_stairs":125,"minecraft:dark_oak_planks":5,"minecraft:wooden_axe":22,"minecraft:bookshelf":41,"minecraft:iron_axe":441,"minecraft:oak_stairs":49,"minecraft:basalt":1,"minecraft:tripwire_hook":2,"minecraft:goat_horn":4,"minecraft:cobbled_deepslate":275,"minecraft:calcite":16,"minecraft:wheat_seeds":115,"minecraft:cooked_mutton":10,"minecraft:water_bucket":27,"minecraft:birch_planks":40,"minecraft:baked_potato":1,"minecraft:cartography_table":1,"minecraft:fletching_table":5,"minecraft:polished_blackstone_bricks":10,"minecraft:gilded_blackstone":13,"minecraft:crafting_table":11,"minecraft:white_bed":12,"minecraft:campfire":1,"minecraft:spruce_log":277,"minecraft:warped_planks":54,"minecraft:smoker":4,"minecraft:oak_log":1,"minecraft:cornflower":1,"minecraft:diamond_pickaxe":952,"minecraft:oxeye_daisy":2,"minecraft:cracked_polished_blackstone_bricks":6,"minecraft:iron_pickaxe":383,"minecraft:oak_button":1,"minecraft:suspicious_stew":1,"minecraft:pig_spawn_egg":5,"minecraft:map":1,"minecraft:spruce_trapdoor":36,"minecraft:spruce_sapling":67,"minecraft:stone_axe":863,"minecraft:fishing_rod":13,"minecraft:cobblestone":137,"minecraft:cooked_porkchop":92,"minecraft:bucket":30,"minecraft:glass_pane":82,"minecraft:stripped_oak_log":326,"minecraft:dandelion":1},"minecraft:crafted":{"minecraft:oak_planks":468,"minecraft:chainmail_helmet":10,"minecraft:cooked_chicken":7,"minecraft:stone":18,"minecraft:cooked_mutton":10,"minecraft:warped_planks":60,"minecraft:glass":28,"minecraft:bow":14,"minecraft:diamond_helmet":2,"minecraft:diamond_leggings":3,"minecraft:chest":10,"minecraft:stone_hoe":1,"minecraft:name_tag":2,"minecraft:cooked_rabbit":1,"minecraft:smoker":1,"minecraft:arrow":32,"minecraft:emerald":307,"minecraft:cooked_porkchop":67,"minecraft:map":2,"minecraft:crafting_table":6,"minecraft:spruce_planks":728,"minecraft:iron_helmet":1,"minecraft:wooden_pickaxe":1,"minecraft:baked_potato":1,"minecraft:spruce_door":3,"minecraft:smithing_table":1,"minecraft:fletching_table":2,"minecraft:birch_planks":104,"minecraft:campfire":1,"minecraft:spruce_trapdoor":12,"minecraft:book":1,"minecraft:paper":276,"minecraft:diamond_pickaxe":1,"minecraft:yellow_dye":1,"minecraft:shield":10,"minecraft:birch_fence":27,"minecraft:stick":1664,"minecraft:iron_ingot":103,"minecraft:compass":1,"minecraft:iron_pickaxe":2,"minecraft:stone_sword":1,"minecraft:gold_ingot":41,"minecraft:netherite_ingot":1,"minecraft:beehive":1,"minecraft:furnace":2,"minecraft:bone_meal":66,"minecraft:white_carpet":3,"minecraft:flint_and_steel":1,"minecraft:netherite_chestplate":2,"minecraft:lantern":6,"minecraft:spruce_stairs":12,"minecraft:ladder":12,"minecraft:stone_pickaxe":2,"minecraft:diamond_boots":5,"minecraft:filled_map":1,"minecraft:netherite_scrap":4,"minecraft:dark_oak_planks":20,"minecraft:chainmail_leggings":2,"minecraft:golden_helmet":2,"minecraft:wheat":18,"minecraft:diamond_sword":4,"minecraft:bucket":3,"minecraft:stone_axe":7,"minecraft:enchanted_book":1,"minecraft:bread":4,"minecraft:air":0,"minecraft:oak_boat":1,"minecraft:chainmail_boots":12,"minecraft:wooden_axe":1,"minecraft:iron_leggings":1,"minecraft:white_bed":2,"minecraft:torch":176,"minecraft:diamond_chestplate":1},"minecraft:picked_up":{"minecraft:wooden_axe":2,"minecraft:wheat":103,"minecraft:suspicious_stew":1,"minecraft:anvil":1,"minecraft:smithing_table":1,"minecraft:lead":7,"minecraft:diamond_sword":5,"minecraft:potion":1,"minecraft:enchanted_book":7,"minecraft:gilded_blackstone":10,"minecraft:brewing_stand":2,"minecraft:golden_sword":3,"minecraft:polished_blackstone_brick_stairs":4,"minecraft:string":1249,"minecraft:iron_leggings":1,"minecraft:pufferfish":1,"minecraft:activator_rail":2,"minecraft:diamond_leggings":4,"minecraft:cobbled_deepslate":414,"minecraft:bucket":1,"minecraft:spruce_planks":51,"minecraft:trial_key":10,"minecraft:calcite":2,"minecraft:netherite_upgrade_smithing_template":1,"minecraft:iron_pickaxe":7,"minecraft:furnace":3,"minecraft:tipped_arrow":15,"minecraft:golden_helmet":4,"minecraft:stick":87,"minecraft:torch":39,"minecraft:spruce_stairs":2,"minecraft:porkchop":87,"minecraft:golden_axe":2,"minecraft:diorite":8,"minecraft:golden_chestplate":1,"minecraft:stone_sword":2,"minecraft:rotten_flesh":92,"minecraft:tropical_fish":2,"minecraft:obsidian":17,"minecraft:cod":13,"minecraft:cobblestone":296,"minecraft:nautilus_shell":1,"minecraft:birch_log":26,"minecraft:feather":7,"minecraft:magma_cream":17,"minecraft:water_bucket":2,"minecraft:andesite":16,"minecraft:golden_leggings":3,"minecraft:smoker":3,"minecraft:flint":7,"minecraft:tuff":5,"minecraft:map":1,"minecraft:lapis_lazuli":407,"minecraft:dirt":74,"minecraft:lantern":2,"minecraft:name_tag":2,"minecraft:glass":8,"minecraft:bone":53,"minecraft:stonecutter":2,"minecraft:bow":6,"minecraft:wheat_seeds":342,"minecraft:raw_gold":175,"minecraft:fletching_table":2,"minecraft:rabbit":1,"minecraft:diamond_helmet":2,"minecraft:oak_planks":133,"minecraft:honeycomb":3,"minecraft:cooked_porkchop":285,"minecraft:stripped_spruce_log":2,"minecraft:spectral_arrow":3,"minecraft:dark_oak_log":68,"minecraft:mossy_cobblestone":2,"minecraft:diamond":230,"minecraft:cracked_polished_blackstone_bricks":21,"minecraft:breeze_rod":5,"minecraft:bone_meal":108,"minecraft:golden_apple":2,"minecraft:emerald":25,"minecraft:golden_horse_armor":3,"minecraft:bread":5,"minecraft:oak_sapling":19,"minecraft:netherrack":174,"minecraft:dark_oak_fence":10,"minecraft:oak_leaves":10,"minecraft:crimson_roots":6,"minecraft:diamond_pickaxe":4,"minecraft:fishing_rod":1,"minecraft:crafting_table":6,"minecraft:azure_bluet":2,"minecraft:nether_wart":38,"minecraft:chicken":13,"minecraft:ladder":23,"minecraft:wooden_pickaxe":2,"minecraft:cooked_rabbit":1,"minecraft:gold_block":51,"minecraft:brick":4,"minecraft:shield":4,"minecraft:cornflower":1,"minecraft:iron_axe":1,"minecraft:blackstone":10,"minecraft:beef":14,"minecraft:oak_boat":4,"minecraft:poppy":12,"minecraft:lectern":6,"minecraft:guster_pottery_sherd":1,"minecraft:sugar_cane":329,"minecraft:chest":5,"minecraft:spruce_trapdoor":2,"minecraft:egg":4,"minecraft:raw_iron":290,"minecraft:copper_ingot":3,"minecraft:bowl":2,"minecraft:polished_blackstone_bricks":25,"minecraft:carrot":311,"minecraft:redstone":200,"minecraft:dark_oak_planks":17,"minecraft:arrow":110,"minecraft:diamond_chestplate":4,"minecraft:nether_bricks":5,"minecraft:diamond_boots":1,"minecraft:hay_block":4,"minecraft:tuff_bricks":14,"minecraft:mutton":7,"minecraft:white_wool":13,"minecraft:rail":4,"minecraft:bone_block":12,"minecraft:oxeye_daisy":3,"minecraft:stripped_oak_log":29,"minecraft:basalt":2,"minecraft:glow_ink_sac":1,"minecraft:salmon":4,"minecraft:leather":13,"minecraft:red_mushroom":2,"minecraft:filled_map":1,"minecraft:birch_planks":27,"minecraft:crimson_fungus":1,"minecraft:oak_log":137,"minecraft:waxed_copper_block":3,"minecraft:ancient_debris":3,"minecraft:golden_boots":2,"minecraft:gunpowder":15,"minecraft:paper":44,"minecraft:apple":1,"minecraft:warped_stem":15,"minecraft:iron_ingot":68,"minecraft:stone_pickaxe":2,"minecraft:cooked_chicken":3,"minecraft:iron_sword":2,"minecraft:warped_fungus":1,"minecraft:quartz":45,"minecraft:dandelion":3,"minecraft:gravel":79,"minecraft:spruce_sapling":236,"minecraft:blast_furnace":1,"minecraft:white_bed":1,"minecraft:spruce_log":838,"minecraft:polished_tuff":2,"minecraft:spruce_door":2,"minecraft:spider_eye":1,"minecraft:stone_axe":2,"minecraft:iron_helmet":1,"minecraft:warped_roots":3,"minecraft:chiseled_tuff_bricks":4,"minecraft:warped_nylium":2,"minecraft:coal":407,"minecraft:ender_pearl":3},"minecraft:killed_by":{"minecraft:piglin_brute":4,"minecraft:creeper":1,"minecraft:zombie":1,"minecraft:player":1,"minecraft:iron_golem":2,"minecraft:skeleton":1},"minecraft:broken":{"minecraft:stone_pickaxe":1,"minecraft:stone_axe":6},"minecraft:killed":{"minecraft:cave_spider":1,"minecraft:spider":6,"minecraft:skeleton":30,"minecraft:chicken":7,"minecraft:piglin_brute":6,"minecraft:magma_cube":17,"minecraft:piglin":4,"minecraft:pig":34,"minecraft:zombie_villager":2,"minecraft:iron_golem":7,"minecraft:creeper":7,"minecraft:sheep":4,"minecraft:trader_llama":3,"minecraft:pillager":4,"minecraft:zombie":54,"minecraft:ghast":2,"minecraft:cow":3,"minecraft:blaze":1,"minecraft:drowned":7,"minecraft:bat":1,"minecraft:wandering_trader":1,"minecraft:hoglin":3,"minecraft:breeze":3,"minecraft:wither_skeleton":1,"minecraft:villager":3,"minecraft:enderman":6},"minecraft:dropped":{"minecraft:iron_sword":1,"minecraft:birch_planks":8,"minecraft:lapis_lazuli":32,"minecraft:warped_fungus":1,"minecraft:glow_ink_sac":1,"minecraft:diamond":90,"minecraft:netherite_upgrade_smithing_template":1,"minecraft:warped_roots":3,"minecraft:cod":13,"minecraft:emerald":12,"minecraft:crimson_roots":6,"minecraft:gravel":9,"minecraft:crimson_fungus":1,"minecraft:cobbled_deepslate":1,"minecraft:rotten_flesh":48,"minecraft:carrot":295,"minecraft:leather_chestplate":1,"minecraft:leather_leggings":2,"minecraft:glass":4,"minecraft:enchanted_book":2,"minecraft:stone_hoe":1,"minecraft:water_bucket":1,"minecraft:golden_boots":1,"minecraft:bread":1,"minecraft:golden_helmet":3,"minecraft:mossy_cobblestone":2,"minecraft:copper_ingot":3,"minecraft:tropical_fish":3,"minecraft:coal":9,"minecraft:ink_sac":252,"minecraft:wooden_axe":1,"minecraft:diamond_helmet":1,"minecraft:redstone":45,"minecraft:furnace":1,"minecraft:stone_sword":2,"minecraft:bowl":1,"minecraft:tuff":2,"minecraft:name_tag":1,"minecraft:filled_map":3,"minecraft:trial_key":1,"minecraft:andesite":11,"minecraft:golden_leggings":2,"minecraft:oak_sapling":2,"minecraft:wooden_pickaxe":3,"minecraft:nautilus_shell":1,"minecraft:cooked_rabbit":1,"minecraft:brick":4}},"DataVersion":3953}