{"stats":{"minecraft:mined":{"minecraft:tall_grass":5,"minecraft:grass":3,"minecraft:oak_leaves":1},"minecraft:picked_up":{"croptopia:orange":6,"minecraft:wheat_seeds":1},"minecraft:custom":{"minecraft:jump":37,"minecraft:time_since_rest":1641,"minecraft:crouch_one_cm":10,"minecraft:leave_game":1,"minecraft:sprint_one_cm":3134,"minecraft:play_time":1641,"minecraft:damage_taken":40,"minecraft:time_since_death":1641,"minecraft:walk_one_cm":3078,"minecraft:sneak_time":1,"minecraft:total_world_time":1641,"minecraft:fall_one_cm":1495,"minecraft:fly_one_cm":5997}},"DataVersion":3465}