{"stats":{"minecraft:killed":{"born_in_chaos_v1:zombie_clown":1,"endofherobrine:silverfish":2,"fight_or_die:springer":20,"minecraft:cave_spider":1,"born_in_chaos_v1:restless_spirit":2,"born_in_chaos_v1:zombie_lumberjack":1,"minecraft:spider":1,"minecraft:skeleton":7,"minecraft:chicken":41,"fight_or_die:mutated_fox":1,"born_in_chaos_v1:skeleton_thrasher":1,"arphex:spider_moth_larvae":2,"minecraft:pig":30,"minecraft:zombie_villager":3,"born_in_chaos_v1:diamond_termite":4,"fight_or_die:mutated_cow":1,"minecraft:creeper":3,"minecraft:sheep":27,"fight_or_die:mutated_villager":1,"born_in_chaos_v1:zombie_fisherman":1,"minecraft:pillager":4,"minecraft:zombie":10,"born_in_chaos_v1:corpse_fly":7,"fight_or_die:mutated_player":9,"endofherobrine:chicken":9,"endofherobrine:cow":2,"minecraft:cow":7,"fight_or_die:mutated_human_head":4,"undead_revamp2:thehunter":1,"fight_or_die:mutated_pig":5,"born_in_chaos_v1:zombie_bruiser":1,"born_in_chaos_v1:maggot":6,"minecraft:horse":1,"fight_or_die:mutated_human":10,"fight_or_die:mutated_sheep":2,"fight_or_die:shiller":2,"born_in_chaos_v1:corpse_fish":2,"undead_revamp2:sucker":2,"born_in_chaos_v1:spirit_guide":1,"born_in_chaos_v1:spirit_guide_assistant":1,"undead_revamp2:the_moonflower":2,"born_in_chaos_v1:decrepit_skeleton":4,"born_in_chaos_v1:decaying_zombie":1,"fight_or_die:mutated_player_head":2},"minecraft:custom":{"minecraft:animals_bred":53,"minecraft:interact_with_crafting_table":98,"minecraft:open_barrel":14,"minecraft:leave_game":10,"minecraft:time_since_death":80652,"minecraft:sprint_one_cm":1367859,"minecraft:damage_blocked_by_shield":7115,"minecraft:drop":235,"minecraft:play_time":766817,"minecraft:deaths":10,"minecraft:jump":11689,"minecraft:walk_on_water_one_cm":55454,"minecraft:enchant_item":5,"minecraft:interact_with_furnace":186,"minecraft:sleep_in_bed":49,"minecraft:damage_dealt":30418,"minecraft:player_kills":3,"minecraft:crouch_one_cm":169350,"minecraft:interact_with_smoker":61,"minecraft:mob_kills":249,"minecraft:damage_dealt_resisted":206,"minecraft:climb_one_cm":16126,"minecraft:walk_one_cm":2347328,"minecraft:sneak_time":79780,"minecraft:walk_under_water_one_cm":64645,"minecraft:boat_one_cm":20985,"minecraft:interact_with_blast_furnace":18,"minecraft:total_world_time":766817,"minecraft:interact_with_stonecutter":12,"minecraft:time_since_rest":1663,"minecraft:damage_taken":8674,"minecraft:swim_one_cm":124108,"minecraft:fly_one_cm":1946070,"minecraft:open_chest":293,"minecraft:fall_one_cm":321557},"minecraft:dropped":{"minecraft:iron_sword":5,"minecraft:porkchop":1,"minecraft:cooked_beef":6,"minecraft:diamond":24,"minecraft:crafting_table":1,"minecraft:cooked_porkchop":54,"born_in_chaos_v1:pieceofdarkmetal":1,"minecraft:cobblestone_stairs":37,"minecraft:dirt":55,"minecraft:bone_meal":6,"minecraft:iron_pickaxe":3,"minecraft:stone_axe":1,"minecraft:sugar_cane":4,"minecraft:cooked_chicken":3,"minecraft:cobbled_deepslate":23,"minecraft:birch_sapling":2,"born_in_chaos_v1:ethereal_spirit":1,"minecraft:rotten_flesh":12,"minecraft:oak_planks":46,"minecraft:cooked_mutton":6,"minecraft:carrot":1,"born_in_chaos_v1:seedof_chaos":1,"born_in_chaos_v1:corpse_maggot":5,"born_in_chaos_v1:diamond_termite_shard":3,"fight_or_die:ripping_flesh":3,"minecraft:scaffolding":42,"minecraft:bread":96,"minecraft:iron_ingot":6,"born_in_chaos_v1:intoxicating_decoction":3,"minecraft:wheat_seeds":9,"minecraft:iron_helmet":3,"minecraft:feather":10,"minecraft:cobblestone":140,"man:cassette_1safetyinstructions":1,"minecraft:granite":2,"minecraft:copper_ingot":1,"minecraft:polished_andesite":1,"minecraft:stick":5,"minecraft:gray_wool":1,"born_in_chaos_v1:black_argillite":3,"minecraft:diorite":64,"minecraft:torch":48,"minecraft:wooden_axe":1,"minecraft:iron_leggings":6,"minecraft:iron_axe":8,"minecraft:polished_diorite":1,"minecraft:coarse_dirt":10,"minecraft:raw_copper":3,"minecraft:iron_boots":8,"minecraft:diamond_sword":2,"minecraft:shield":6,"minecraft:spruce_planks":1,"minecraft:iron_chestplate":3,"minecraft:oak_sapling":10,"minecraft:bamboo":43,"minecraft:bow":1,"minecraft:stone_pickaxe":2,"minecraft:wooden_pickaxe":5},"minecraft:used":{"minecraft:iron_shovel":599,"minecraft:ladder":6,"minecraft:oak_sign":4,"minecraft:chest":15,"minecraft:shield":152,"minecraft:stone":229,"minecraft:iron_chestplate":1,"deep_dark_regrowth:stone_tiles":20,"minecraft:carrot":151,"minecraft:obsidian":15,"minecraft:milk_bucket":4,"minecraft:spruce_boat":1,"minecraft:glass":21,"minecraft:birch_sapling":10,"minecraft:iron_helmet":2,"minecraft:item_frame":10,"biomesoplenty:jacaranda_sapling":1,"minecraft:birch_button":2,"minecraft:bow":45,"minecraft:oak_sapling":1,"minecraft:furnace":14,"minecraft:egg":32,"minecraft:diorite":7,"minecraft:diamond_boots":1,"minecraft:oak_planks":61,"minecraft:stone_pickaxe":624,"minecraft:gray_carpet":5,"minecraft:wooden_pickaxe":42,"minecraft:composter":1,"minecraft:sugar_cane":28,"minecraft:white_wool":2,"minecraft:blast_furnace":4,"minecraft:crossbow":1,"dixtas_armory:diamond_halberd":23,"minecraft:redstone_torch":1,"minecraft:stone_button":2,"minecraft:brown_wool":2,"minecraft:iron_door":13,"minecraft:gravel":1,"minecraft:diamond_sword":463,"deep_dark_regrowth:stone_tiles_slab":55,"minecraft:andesite":15,"minecraft:coarse_dirt":1,"minecraft:bone_meal":19,"minecraft:oak_fence":1,"minecraft:enchanting_table":1,"minecraft:stone_sword":38,"minecraft:flint_and_steel":1,"born_in_chaos_v1:ethereal_spirit":3,"minecraft:spruce_planks":119,"minecraft:cooked_chicken":19,"minecraft:dirt":168,"minecraft:oak_door":12,"minecraft:torch":451,"minecraft:white_carpet":14,"minecraft:spruce_stairs":2,"minecraft:stone_stairs":5,"minecraft:granite":8,"minecraft:stone_brick_slab":55,"minecraft:wooden_axe":40,"minecraft:iron_axe":201,"minecraft:chicken_spawn_egg":2,"minecraft:iron_boots":3,"minecraft:bamboo":217,"minecraft:diamond_chestplate":1,"minecraft:glowstone":38,"minecraft:cooked_beef":10,"minecraft:cobbled_deepslate":89,"minecraft:iron_leggings":2,"minecraft:wheat_seeds":440,"minecraft:cooked_mutton":4,"minecraft:water_bucket":63,"minecraft:cobblestone_stairs":91,"minecraft:birch_planks":91,"minecraft:stonecutter":2,"minecraft:spruce_fence_gate":2,"minecraft:oak_slab":1,"minecraft:crafting_table":14,"minecraft:white_bed":23,"minecraft:painting":5,"biomesoplenty:wildflower":5,"minecraft:smoker":4,"minecraft:oak_log":2,"minecraft:diamond_pickaxe":2530,"minecraft:apple":1,"minecraft:diamond_shovel":24,"minecraft:oak_button":16,"minecraft:iron_pickaxe":544,"minecraft:stone_axe":56,"minecraft:cobblestone":790,"minecraft:porkchop":1,"minecraft:cooked_porkchop":73,"minecraft:bucket":64,"minecraft:glass_pane":112,"minecraft:gray_wool":1,"minecraft:diamond_leggings":1},"minecraft:crafted":{"minecraft:smooth_stone":15,"minecraft:oak_planks":484,"minecraft:cooked_chicken":47,"minecraft:stone":267,"minecraft:cobblestone_stairs":94,"dixtas_armory:diamond_battle_axe":1,"minecraft:diamond_shovel":1,"minecraft:cooked_mutton":7,"minecraft:glass":64,"minecraft:stone_brick_slab":62,"minecraft:diamond_helmet":1,"minecraft:diamond_leggings":1,"minecraft:iron_boots":3,"minecraft:chest":12,"minecraft:oak_button":11,"minecraft:iron_door":6,"minecraft:birch_button":1,"minecraft:stone_bricks":4,"minecraft:smoker":1,"minecraft:item_frame":6,"minecraft:oak_slab":18,"minecraft:cooked_porkchop":17,"minecraft:diamond_axe":1,"minecraft:crafting_table":7,"minecraft:spruce_planks":172,"minecraft:wooden_pickaxe":2,"minecraft:iron_helmet":3,"minecraft:birch_planks":84,"minecraft:painting":1,"deep_dark_regrowth:stone_tiles_slab":40,"minecraft:iron_chestplate":3,"minecraft:diamond_pickaxe":3,"minecraft:charcoal":8,"minecraft:shield":7,"minecraft:stick":176,"minecraft:iron_ingot":206,"minecraft:iron_pickaxe":3,"minecraft:stone_sword":1,"deep_dark_regrowth:stone_tiles":13,"minecraft:composter":1,"minecraft:spruce_fence_gate":1,"minecraft:shears":1,"minecraft:oak_door":6,"minecraft:furnace":9,"minecraft:stone_button":2,"minecraft:blast_furnace":2,"minecraft:bone_meal":15,"minecraft:white_carpet":12,"minecraft:glass_pane":112,"minecraft:stone_stairs":4,"minecraft:iron_axe":4,"minecraft:stone_pickaxe":4,"minecraft:diamond_boots":2,"minecraft:spruce_boat":1,"minecraft:lead":4,"minecraft:cooked_beef":19,"minecraft:diamond_sword":2,"minecraft:bucket":1,"minecraft:stone_axe":2,"minecraft:bread":17,"minecraft:air":0,"minecraft:wooden_axe":1,"minecraft:iron_shovel":3,"minecraft:iron_leggings":4,"minecraft:stonecutter":1,"minecraft:white_bed":4,"minecraft:torch":260,"minecraft:diamond_chestplate":1},"minecraft:picked_up":{"minecraft:iron_chestplate":10,"minecraft:wheat":346,"minecraft:black_carpet":12,"minecraft:lead":12,"minecraft:diamond_sword":9,"minecraft:birch_button":2,"born_in_chaos_v1:black_argillite":30,"minecraft:string":14,"minecraft:raw_copper":33,"minecraft:iron_leggings":12,"minecraft:oak_sign":4,"minecraft:diamond_leggings":1,"minecraft:cobbled_deepslate":626,"minecraft:spruce_planks":85,"minecraft:redstone_torch":2,"minecraft:iron_pickaxe":8,"minecraft:furnace":8,"minecraft:iron_boots":13,"minecraft:stick":22,"born_in_chaos_v1:shattered_skull":1,"minecraft:oak_fence":2,"minecraft:torch":277,"minecraft:porkchop":62,"minecraft:diorite":277,"minecraft:stone_sword":1,"minecraft:rotten_flesh":69,"minecraft:obsidian":2,"minecraft:cobblestone":2777,"minecraft:birch_log":23,"minecraft:feather":87,"minecraft:cooked_beef":4,"minecraft:iron_door":9,"minecraft:water_bucket":8,"minecraft:andesite":134,"minecraft:brown_wool":2,"minecraft:smoker":3,"minecraft:flint":14,"minecraft:tuff":43,"minecraft:lapis_lazuli":182,"minecraft:dirt":870,"minecraft:lantern":3,"born_in_chaos_v1:monster_skin":4,"born_in_chaos_v1:marigolds":10,"minecraft:glass":16,"minecraft:bone":48,"undead_revamp2:blacpetalblock":1,"minecraft:bow":4,"minecraft:stonecutter":1,"minecraft:wheat_seeds":685,"minecraft:raw_gold":69,"minecraft:diamond_helmet":3,"minecraft:glowstone_dust":17,"minecraft:bamboo":976,"minecraft:oak_planks":168,"biomesoplenty:toadstool":3,"minecraft:cooked_porkchop":320,"minecraft:sand":96,"minecraft:grass_block":1,"deep_dark_regrowth:cobbled_grimstone":51,"minecraft:fermented_spider_eye":1,"minecraft:mossy_cobblestone":36,"minecraft:spruce_fence_gate":1,"minecraft:polished_andesite":1,"minecraft:diamond":193,"minecraft:soul_lantern":3,"minecraft:writable_book":1,"minecraft:granite":58,"minecraft:bone_meal":18,"minecraft:spruce_sign":1,"minecraft:bread":107,"minecraft:oak_sapling":11,"born_in_chaos_v1:rotten_fish":5,"minecraft:diamond_pickaxe":5,"minecraft:coarse_dirt":11,"minecraft:charcoal":1,"minecraft:crafting_table":8,"born_in_chaos_v1:diamond_termite_shard":13,"minecraft:chicken":57,"minecraft:ladder":6,"born_in_chaos_v1:seedof_chaos":1,"minecraft:wooden_pickaxe":3,"biomesoplenty:jacaranda_sapling":1,"minecraft:chain":1,"minecraft:shield":9,"dixtas_armory:diamond_halberd":1,"minecraft:stone_stairs":1,"minecraft:moss_carpet":14,"minecraft:iron_axe":13,"born_in_chaos_v1:intoxicating_decoction":3,"minecraft:item_frame":3,"minecraft:white_carpet":2,"minecraft:iron_shovel":5,"minecraft:glass_pane":39,"minecraft:beef":15,"born_in_chaos_v1:gnawed_bones":2,"minecraft:lectern":1,"biomesoplenty:wildflower":5,"minecraft:sugar_cane":37,"minecraft:chest":3,"minecraft:birch_sapling":2,"minecraft:egg":137,"fight_or_die:ripping_flesh":19,"minecraft:raw_iron":449,"fight_or_die:rotten_brain":2,"minecraft:oak_door":8,"minecraft:copper_ingot":3,"born_in_chaos_v1:pieceofdarkmetal":5,"minecraft:carrot":284,"minecraft:arrow":161,"minecraft:diamond_chestplate":1,"biomesoplenty:jacaranda_log":3,"minecraft:diamond_boots":3,"minecraft:mutton":33,"minecraft:white_wool":26,"born_in_chaos_v1:fused_bone":4,"minecraft:stripped_oak_log":1,"born_in_chaos_v1:corpse_maggot":15,"born_in_chaos_v1:monster_flesh":2,"minecraft:leather":7,"deep_dark_regrowth:stone_tiles_slab":15,"minecraft:birch_planks":9,"minecraft:oak_log":176,"minecraft:gunpowder":9,"deep_dark_regrowth:stone_tiles":8,"minecraft:cobblestone_stairs":80,"minecraft:cooked_mutton":6,"minecraft:apple":2,"minecraft:gray_carpet":30,"minecraft:iron_ingot":19,"minecraft:stone_pickaxe":4,"minecraft:iron_sword":7,"minecraft:book":87,"minecraft:scaffolding":56,"minecraft:oak_slab":1,"minecraft:stone_brick_slab":3,"born_in_chaos_v1:ethereal_spirit":1,"minecraft:gravel":157,"minecraft:blast_furnace":6,"minecraft:white_bed":19,"minecraft:spruce_log":63,"fight_or_die:sickened_heart":1,"minecraft:polished_diorite":1,"minecraft:stone_axe":3,"minecraft:iron_helmet":9,"minecraft:painting":2,"minecraft:gray_wool":2,"minecraft:oak_button":9,"minecraft:black_wool":1,"minecraft:coal":415,"minecraft:ender_pearl":1},"minecraft:killed_by":{"endofherobrine:cow":1,"arphex:spider_moth_dweller":1,"minecraft:player":1,"fight_or_die:mutated_enderman":1,"fight_or_die:springer":2,"fight_or_die:mutated_player":2,"arphex:spider_moth_larvae":1},"minecraft:mined":{"minecraft:spruce_planks":6,"minecraft:white_bed":10,"minecraft:cobblestone_stairs":6,"minecraft:obsidian":1,"minecraft:granite":16,"minecraft:grass_block":131,"minecraft:brown_wool":2,"minecraft:oak_wall_sign":2,"minecraft:glowstone":8,"fight_or_die:blood_splash1":7,"minecraft:iron_ore":232,"minecraft:cobbled_deepslate":16,"minecraft:deepslate_lapis_ore":2,"biomesoplenty:hanging_cobweb":3,"biomesoplenty:jacaranda_leaves":8,"minecraft:deepslate_redstone_ore":2,"minecraft:smoker":3,"minecraft:soul_lantern":4,"biomesoplenty:hanging_cobweb_strand":3,"minecraft:torch":12,"minecraft:blast_furnace":3,"minecraft:chest":3,"minecraft:glass":1,"minecraft:cobblestone":218,"minecraft:oak_planks":1,"minecraft:sugar_cane":22,"minecraft:iron_door":6,"minecraft:wall_torch":89,"deep_dark_regrowth:stone_tiles":8,"minecraft:stone_stairs":2,"minecraft:birch_log":19,"minecraft:wheat":218,"deep_dark_regrowth:grimstone":2,"born_in_chaos_v1:river_mint":1,"minecraft:grass":109,"minecraft:oak_log":110,"deep_dark_regrowth:grimstone_9":1,"minecraft:dirt":526,"minecraft:sand":90,"minecraft:birch_button":1,"minecraft:stonecutter":1,"minecraft:oak_leaves":11,"minecraft:deepslate":343,"minecraft:diamond_ore":49,"minecraft:tuff":17,"deep_dark_regrowth:grimstone_7":1,"deep_dark_regrowth:grimstone_5":2,"deep_dark_regrowth:grimstone_4":6,"minecraft:mossy_cobblestone":38,"minecraft:deepslate_diamond_ore":58,"minecraft:oak_door":8,"deep_dark_regrowth:grimstone_8":4,"biomesoplenty:desert_grass":16,"born_in_chaos_v1:infected_diamond_ore":4,"minecraft:ladder":6,"biomesoplenty:bush":1,"born_in_chaos_v1:black_argillite":8,"minecraft:spruce_leaves":5,"biomesoplenty:jacaranda_log":4,"minecraft:furnace":8,"minecraft:carrots":88,"minecraft:andesite":76,"minecraft:bookshelf":5,"minecraft:deepslate_iron_ore":2,"deep_dark_regrowth:cobbled_grimstone":1,"minecraft:lantern":4,"deep_dark_regrowth:grimstone_3":6,"minecraft:stripped_oak_log":1,"minecraft:bamboo_sapling":7,"minecraft:bamboo":86,"minecraft:stone":2031,"minecraft:white_wool":2,"minecraft:oak_slab":3,"minecraft:scaffolding":8,"minecraft:glass_pane":2,"minecraft:stone_brick_slab":2,"minecraft:oak_fence":2,"minecraft:crafting_table":7,"deep_dark_regrowth:ghost_flowers":1,"minecraft:lectern":1,"minecraft:copper_ore":8,"minecraft:tall_grass":13,"endofherobrine:glowing_obsidian":5,"minecraft:lapis_ore":10,"minecraft:deepslate_gold_ore":37,"minecraft:diorite":99,"minecraft:birch_planks":1,"minecraft:gray_wool":1,"deep_dark_regrowth:stone_tiles_slab":14,"minecraft:redstone_torch":2,"minecraft:white_carpet":2,"minecraft:spruce_log":4,"minecraft:birch_leaves":3,"deep_dark_regrowth:moonstone_crystal_block":22,"fight_or_die:blood_splash2":14,"minecraft:coal_ore":206,"minecraft:gravel":80,"minecraft:gray_carpet":2,"minecraft:cobweb":1,"deep_dark_regrowth:grimstone_iron_ore":7,"minecraft:oak_button":5,"minecraft:spruce_fence_gate":1,"minecraft:polished_andesite":1,"minecraft:gold_ore":11},"minecraft:broken":{"minecraft:iron_shovel":2,"minecraft:stone_pickaxe":5,"minecraft:diamond_pickaxe":1,"minecraft:shield":2,"minecraft:iron_axe":1,"minecraft:iron_pickaxe":2}},"DataVersion":3465}