{"stats":{"minecraft:killed":{"minecraft:cave_spider":4,"minecraft:skeleton":6,"minecraft:pig":5,"minecraft:sheep":10,"minecraft:zombie":20,"minecraft:cow":9},"minecraft:used":{"minecraft:cherry_sapling":5,"minecraft:stone_sword":8,"minecraft:iron_shovel":89,"minecraft:oak_sign":4,"minecraft:chest":4,"minecraft:shield":15,"minecraft:torch":190,"minecraft:dirt":46,"minecraft:tuff":33,"minecraft:granite":4,"minecraft:iron_hoe":17,"minecraft:wooden_axe":6,"minecraft:iron_boots":1,"minecraft:cherry_leaves":63,"minecraft:cherry_fence_gate":3,"minecraft:furnace":1,"minecraft:potato":34,"minecraft:cooked_beef":22,"minecraft:cobbled_deepslate":77,"minecraft:cherry_log":17,"minecraft:iron_leggings":1,"minecraft:wheat_seeds":47,"minecraft:cooked_mutton":8,"minecraft:water_bucket":16,"minecraft:birch_planks":1,"minecraft:stone_pickaxe":415,"minecraft:oak_planks":22,"minecraft:wooden_pickaxe":37,"minecraft:cherry_planks":49,"minecraft:diamond_axe":84,"minecraft:sugar_cane":17,"minecraft:crafting_table":12,"minecraft:blast_furnace":2,"minecraft:white_bed":6,"minecraft:campfire":1,"minecraft:painting":10,"minecraft:smoker":1,"minecraft:shears":2,"minecraft:oak_log":3,"minecraft:wooden_hoe":63,"minecraft:diamond_pickaxe":325,"minecraft:oxeye_daisy":1,"minecraft:cherry_door":2,"minecraft:bread":3,"minecraft:iron_pickaxe":247,"minecraft:leather_helmet":1,"minecraft:stone_axe":82,"minecraft:pink_petals":37,"minecraft:diamond_sword":125,"minecraft:cherry_stairs":7,"minecraft:cobblestone":85,"minecraft:bucket":17,"minecraft:dandelion":3,"minecraft:bone_meal":15},"minecraft:custom":{"minecraft:mob_kills":55,"minecraft:animals_bred":6,"minecraft:interact_with_crafting_table":45,"minecraft:leave_game":3,"minecraft:time_since_death":146055,"minecraft:sprint_one_cm":371385,"minecraft:walk_one_cm":510666,"minecraft:damage_blocked_by_shield":810,"minecraft:drop":59,"minecraft:talked_to_villager":5,"minecraft:play_time":193712,"minecraft:deaths":1,"minecraft:sneak_time":22171,"minecraft:walk_under_water_one_cm":10218,"minecraft:jump":3273,"minecraft:interact_with_blast_furnace":31,"minecraft:walk_on_water_one_cm":28514,"minecraft:total_world_time":193712,"minecraft:interact_with_furnace":8,"minecraft:sleep_in_bed":5,"minecraft:time_since_rest":2648,"minecraft:damage_taken":2568,"minecraft:damage_dealt":8949,"minecraft:swim_one_cm":42284,"minecraft:fly_one_cm":506211,"minecraft:open_chest":37,"minecraft:crouch_one_cm":50172,"minecraft:interact_with_smoker":16,"minecraft:fall_one_cm":87101},"minecraft:crafted":{"minecraft:cherry_planks":92,"minecraft:oak_planks":116,"minecraft:oak_sign":6,"minecraft:furnace":2,"minecraft:bone_meal":15,"minecraft:cooked_mutton":4,"minecraft:diamond_helmet":1,"minecraft:iron_boots":1,"minecraft:iron_hoe":1,"minecraft:cherry_stairs":4,"minecraft:stone_pickaxe":5,"minecraft:chest":4,"minecraft:cherry_fence_gate":2,"minecraft:smoker":1,"minecraft:cooked_beef":20,"minecraft:diamond_sword":1,"minecraft:diamond_axe":1,"minecraft:crafting_table":9,"minecraft:wooden_pickaxe":2,"minecraft:bucket":1,"minecraft:birch_planks":104,"minecraft:campfire":1,"minecraft:stone_axe":1,"minecraft:painting":1,"minecraft:air":0,"minecraft:white_wool":1,"minecraft:wooden_hoe":1,"minecraft:diamond_pickaxe":1,"minecraft:shield":2,"minecraft:stick":100,"minecraft:iron_ingot":98,"minecraft:iron_pickaxe":1,"minecraft:wooden_axe":1,"minecraft:iron_shovel":1,"minecraft:cherry_door":3,"minecraft:iron_leggings":1,"minecraft:white_bed":3,"minecraft:torch":176,"minecraft:shears":1,"minecraft:diamond_chestplate":1},"minecraft:mined":{"minecraft:tuff":41,"minecraft:white_bed":3,"minecraft:deepslate_diamond_ore":28,"minecraft:cherry_log":36,"minecraft:cherry_sapling":2,"minecraft:obsidian":4,"minecraft:granite":17,"minecraft:grass_block":67,"minecraft:oxeye_daisy":1,"minecraft:spawner":3,"minecraft:iron_ore":15,"minecraft:cobbled_deepslate":2,"minecraft:fire":1,"minecraft:andesite":5,"minecraft:deepslate_lapis_ore":8,"minecraft:potatoes":9,"minecraft:deepslate_iron_ore":88,"minecraft:rail":2,"minecraft:stripped_oak_log":3,"minecraft:stone":399,"minecraft:cherry_fence_gate":1,"minecraft:cherry_stairs":3,"minecraft:deepslate_redstone_ore":3,"minecraft:dandelion":3,"minecraft:crafting_table":3,"minecraft:torch":4,"minecraft:blast_furnace":2,"minecraft:tall_grass":25,"minecraft:cobblestone":11,"minecraft:lapis_ore":1,"minecraft:deepslate_gold_ore":33,"minecraft:sugar_cane":20,"minecraft:oak_planks":7,"minecraft:diorite":1,"minecraft:wall_torch":7,"minecraft:pink_petals":32,"minecraft:birch_log":31,"minecraft:wheat":11,"minecraft:birch_leaves":2,"minecraft:grass":125,"minecraft:oak_log":40,"minecraft:coal_ore":146,"minecraft:cherry_leaves":38,"minecraft:dirt":16,"minecraft:cobweb":34,"minecraft:deepslate":202},"minecraft:killed_by":{"minecraft:cave_spider":1},"minecraft:broken":{"minecraft:stone_pickaxe":2,"minecraft:iron_pickaxe":1,"minecraft:wooden_hoe":1},"minecraft:picked_up":{"minecraft:crafting_table":3,"minecraft:wheat":11,"minecraft:diamond_sword":1,"minecraft:wooden_pickaxe":1,"minecraft:shield":1,"minecraft:string":46,"minecraft:cobbled_deepslate":283,"minecraft:beef":17,"minecraft:iron_pickaxe":1,"minecraft:sugar_cane":32,"minecraft:stick":7,"minecraft:raw_iron":115,"minecraft:cherry_stairs":3,"minecraft:oak_fence":2,"minecraft:torch":21,"minecraft:porkchop":6,"minecraft:cherry_log":42,"minecraft:diorite":2,"minecraft:redstone":14,"minecraft:cherry_fence_gate":1,"minecraft:stone_sword":1,"minecraft:arrow":6,"minecraft:rotten_flesh":22,"minecraft:peony":1,"minecraft:obsidian":4,"minecraft:mutton":15,"minecraft:stripped_oak_log":3,"minecraft:cobblestone":527,"minecraft:rail":4,"minecraft:white_wool":9,"minecraft:oxeye_daisy":1,"minecraft:birch_log":36,"minecraft:pink_petals":98,"minecraft:cooked_beef":11,"minecraft:andesite":10,"minecraft:leather":5,"minecraft:potato":40,"minecraft:birch_planks":44,"minecraft:tuff":74,"minecraft:oak_log":42,"minecraft:gunpowder":4,"minecraft:lapis_lazuli":96,"minecraft:dirt":81,"minecraft:cooked_mutton":24,"minecraft:bone":6,"minecraft:wheat_seeds":52,"minecraft:raw_gold":64,"minecraft:stone_pickaxe":4,"minecraft:iron_ingot":3,"minecraft:oak_planks":6,"minecraft:honeycomb":6,"minecraft:dandelion":3,"minecraft:raw_iron_block":1,"minecraft:blast_furnace":2,"minecraft:white_bed":3,"minecraft:spider_eye":4,"minecraft:diamond":30,"minecraft:stone_axe":1,"minecraft:granite":22,"minecraft:painting":9,"minecraft:cherry_sapling":9,"minecraft:oak_sapling":1,"minecraft:coal":182},"minecraft:dropped":{"minecraft:birch_planks":14,"minecraft:wheat_seeds":3,"minecraft:cooked_beef":6,"minecraft:oak_fence":2,"minecraft:cobblestone":24,"minecraft:granite":9,"minecraft:wooden_axe":1,"minecraft:stone_sword":1,"minecraft:tuff":2,"minecraft:rotten_flesh":8,"minecraft:cooked_mutton":1,"minecraft:shield":1,"minecraft:peony":1,"minecraft:wooden_pickaxe":3,"minecraft:stone_pickaxe":1}},"DataVersion":3465}