{"stats":{"minecraft:custom":{"minecraft:time_since_rest":15569,"minecraft:interact_with_furnace":3,"minecraft:sprint_one_cm":40272,"minecraft:damage_taken":10,"minecraft:walk_one_cm":28466,"minecraft:mob_kills":9,"minecraft:damage_dealt":660,"minecraft:interact_with_crafting_table":4,"minecraft:swim_one_cm":6741,"minecraft:fly_one_cm":84684,"minecraft:crouch_one_cm":1055,"minecraft:play_time":15569,"minecraft:sneak_time":1443,"minecraft:walk_under_water_one_cm":219,"minecraft:jump":212,"minecraft:leave_game":3,"minecraft:walk_on_water_one_cm":715,"minecraft:time_since_death":15569,"minecraft:total_world_time":15569,"minecraft:fall_one_cm":3671},"minecraft:mined":{"minecraft:crafting_table":2,"minecraft:short_grass":8,"minecraft:coal_ore":27,"minecraft:grass_block":3,"minecraft:oak_log":11,"minecraft:dirt":13,"minecraft:spruce_leaves":1,"minecraft:stone":15,"minecraft:sugar_cane":4,"minecraft:oak_leaves":3},"minecraft:used":{"minecraft:wooden_axe":12,"minecraft:stone_pickaxe":37,"minecraft:wooden_pickaxe":6,"minecraft:spruce_sapling":1,"minecraft:torch":1,"minecraft:dirt":2,"minecraft:crafting_table":2},"minecraft:crafted":{"minecraft:oak_planks":24,"minecraft:charcoal":1,"minecraft:crafting_table":1,"minecraft:stick":8,"minecraft:wooden_pickaxe":1,"minecraft:stone_pickaxe":1,"minecraft:wooden_axe":1,"minecraft:stone_sword":1,"minecraft:torch":4},"minecraft:picked_up":{"minecraft:crafting_table":2,"minecraft:feather":1,"minecraft:chicken":2,"minecraft:leather":1,"minecraft:oak_log":11,"minecraft:spruce_sapling":1,"minecraft:dirt":18,"minecraft:beef":1,"minecraft:sugar_cane":11,"minecraft:mutton":9,"minecraft:coal":27,"minecraft:white_wool":6,"minecraft:cobblestone":15},"minecraft:killed":{"minecraft:sheep":6,"minecraft:chicken":2,"minecraft:cow":1}},"DataVersion":3953}