{"stats":{"minecraft:picked_up":{"minecraft:wooden_axe":2,"minecraft:crafting_table":4,"minecraft:chicken":13,"minecraft:diamond_sword":1,"minecraft:wooden_pickaxe":2,"minecraft:cooked_rabbit":1,"minecraft:brewing_stand":2,"minecraft:shield":1,"minecraft:string":3,"minecraft:iron_leggings":1,"minecraft:cobbled_deepslate":22,"minecraft:bucket":1,"minecraft:spruce_planks":8,"minecraft:beef":14,"minecraft:iron_pickaxe":2,"minecraft:lectern":3,"minecraft:sugar_cane":103,"minecraft:egg":2,"minecraft:furnace":1,"minecraft:stick":20,"minecraft:raw_iron":114,"minecraft:torch":32,"minecraft:porkchop":21,"minecraft:diorite":6,"minecraft:carrot":8,"minecraft:redstone":5,"minecraft:stone_sword":2,"minecraft:arrow":39,"minecraft:diamond_boots":1,"minecraft:hay_block":4,"minecraft:mutton":7,"minecraft:cobblestone":183,"minecraft:white_wool":4,"minecraft:oxeye_daisy":1,"minecraft:birch_log":26,"minecraft:feather":7,"minecraft:water_bucket":1,"minecraft:andesite":5,"minecraft:leather":10,"minecraft:smoker":3,"minecraft:birch_planks":25,"minecraft:flint":2,"minecraft:oak_log":136,"minecraft:lapis_lazuli":79,"minecraft:dirt":8,"minecraft:bone":5,"minecraft:bow":1,"minecraft:stonecutter":2,"minecraft:wheat_seeds":14,"minecraft:raw_gold":28,"minecraft:iron_ingot":2,"minecraft:cooked_chicken":3,"minecraft:stone_pickaxe":1,"minecraft:rabbit":1,"minecraft:fletching_table":2,"minecraft:cooked_porkchop":6,"minecraft:dandelion":1,"minecraft:gravel":9,"minecraft:spruce_sapling":25,"minecraft:spruce_log":104,"minecraft:spider_eye":1,"minecraft:diamond":4,"minecraft:stone_axe":1,"minecraft:iron_helmet":1,"minecraft:bread":4,"minecraft:oak_sapling":1,"minecraft:coal":181},"minecraft:mined":{"minecraft:deepslate_diamond_ore":4,"minecraft:brewing_stand":2,"minecraft:grass_block":6,"minecraft:spruce_leaves":56,"minecraft:hay_block":4,"minecraft:spruce_sapling":1,"minecraft:furnace":1,"minecraft:carrots":2,"minecraft:iron_ore":50,"minecraft:cobbled_deepslate":1,"minecraft:andesite":8,"minecraft:deepslate_lapis_ore":7,"minecraft:fletching_table":2,"minecraft:deepslate_iron_ore":48,"minecraft:stone":75,"minecraft:deepslate_redstone_ore":1,"minecraft:smoker":2,"minecraft:crafting_table":4,"minecraft:torch":3,"minecraft:short_grass":44,"minecraft:lectern":3,"minecraft:cobblestone":34,"minecraft:tall_grass":11,"minecraft:deepslate_gold_ore":26,"minecraft:lapis_ore":5,"minecraft:sugar_cane":55,"minecraft:diorite":2,"minecraft:wall_torch":12,"minecraft:birch_log":27,"minecraft:ice":25,"minecraft:spruce_log":105,"minecraft:coal_ore":70,"minecraft:oak_log":107,"minecraft:gravel":11,"minecraft:dirt":2,"minecraft:cobweb":2,"minecraft:stonecutter":2,"minecraft:gold_ore":2,"minecraft:oak_leaves":13,"minecraft:deepslate":21,"minecraft:fern":1},"minecraft:killed_by":{"minecraft:creeper":1,"minecraft:skeleton":1,"minecraft:zombie":1},"minecraft:killed":{"minecraft:spider":2,"minecraft:skeleton":3,"minecraft:chicken":7,"minecraft:pig":6,"minecraft:sheep":4,"minecraft:zombie":8,"minecraft:enderman":1,"minecraft:cow":3},"minecraft:broken":{"minecraft:stone_pickaxe":1,"minecraft:stone_axe":2},"minecraft:used":{"minecraft:stone_sword":12,"minecraft:shield":16,"minecraft:stone_hoe":70,"minecraft:cooked_chicken":7,"minecraft:torch":93,"minecraft:dirt":8,"minecraft:white_carpet":3,"minecraft:wooden_axe":22,"minecraft:bow":9,"minecraft:hay_block":2,"minecraft:furnace":1,"minecraft:oak_sapling":1,"minecraft:egg":1,"minecraft:cobbled_deepslate":7,"minecraft:wheat_seeds":12,"minecraft:cooked_mutton":10,"minecraft:water_bucket":7,"minecraft:diorite":6,"minecraft:diamond_boots":1,"minecraft:birch_planks":39,"minecraft:baked_potato":1,"minecraft:stone_pickaxe":131,"minecraft:wooden_pickaxe":4,"minecraft:fletching_table":3,"minecraft:sugar_cane":40,"minecraft:crafting_table":6,"minecraft:smoker":2,"minecraft:spruce_log":1,"minecraft:birch_fence":26,"minecraft:oak_log":1,"minecraft:oxeye_daisy":1,"minecraft:iron_pickaxe":233,"minecraft:lectern":4,"minecraft:spruce_sapling":25,"minecraft:gravel":9,"minecraft:stone_axe":290,"minecraft:diamond_sword":78,"minecraft:cobblestone":70,"minecraft:cooked_porkchop":7,"minecraft:bucket":8,"minecraft:andesite":3,"minecraft:bone_meal":3},"minecraft:crafted":{"minecraft:oak_planks":420,"minecraft:cooked_chicken":7,"minecraft:furnace":1,"minecraft:bone_meal":3,"minecraft:white_carpet":3,"minecraft:cooked_mutton":10,"minecraft:bow":1,"minecraft:stone_pickaxe":1,"minecraft:diamond_boots":1,"minecraft:stone_hoe":1,"minecraft:cooked_rabbit":1,"minecraft:smoker":1,"minecraft:wheat":18,"minecraft:diamond_sword":1,"minecraft:arrow":32,"minecraft:emerald":41,"minecraft:cooked_porkchop":9,"minecraft:crafting_table":2,"minecraft:spruce_planks":396,"minecraft:baked_potato":1,"minecraft:iron_helmet":1,"minecraft:wooden_pickaxe":1,"minecraft:fletching_table":1,"minecraft:bucket":1,"minecraft:birch_planks":104,"minecraft:stone_axe":3,"minecraft:bread":4,"minecraft:air":0,"minecraft:paper":63,"minecraft:shield":1,"minecraft:birch_fence":27,"minecraft:stick":1604,"minecraft:iron_pickaxe":2,"minecraft:iron_ingot":21,"minecraft:wooden_axe":1,"minecraft:stone_sword":1,"minecraft:iron_leggings":1,"minecraft:torch":76},"minecraft:dropped":{"minecraft:water_bucket":1,"minecraft:stone_hoe":1,"minecraft:birch_planks":8,"minecraft:wooden_axe":1,"minecraft:stone_sword":2,"minecraft:carrot":8,"minecraft:wooden_pickaxe":3,"minecraft:cooked_rabbit":1},"minecraft:custom":{"minecraft:interact_with_smithing_table":1,"minecraft:mob_kills":34,"minecraft:animals_bred":3,"minecraft:interact_with_crafting_table":31,"minecraft:bell_ring":17,"minecraft:leave_game":3,"minecraft:time_since_death":9846,"minecraft:sprint_one_cm":372279,"minecraft:walk_one_cm":291163,"minecraft:damage_blocked_by_shield":675,"minecraft:drop":25,"minecraft:talked_to_villager":126,"minecraft:play_time":136611,"minecraft:deaths":3,"minecraft:sneak_time":10397,"minecraft:walk_under_water_one_cm":5746,"minecraft:jump":2906,"minecraft:interact_with_blast_furnace":1,"minecraft:walk_on_water_one_cm":22595,"minecraft:total_world_time":136611,"minecraft:interact_with_furnace":20,"minecraft:traded_with_villager":44,"minecraft:interact_with_stonecutter":1,"minecraft:sleep_in_bed":9,"minecraft:time_since_rest":9886,"minecraft:damage_taken":1829,"minecraft:damage_dealt":4959,"minecraft:swim_one_cm":19535,"minecraft:fly_one_cm":865243,"minecraft:player_kills":3,"minecraft:open_chest":38,"minecraft:crouch_one_cm":19296,"minecraft:interact_with_smoker":29,"minecraft:fall_one_cm":70364}},"DataVersion":3953}