{"stats":{"minecraft:mined":{"minecraft:spruce_planks":17,"minecraft:white_bed":11,"minecraft:cobblestone_stairs":51,"minecraft:obsidian":1,"biomesoplenty:burning_blossom":5,"minecraft:granite":18,"minecraft:grass_block":139,"minecraft:brown_wool":2,"minecraft:oak_wall_sign":2,"minecraft:glowstone":42,"fight_or_die:blood_splash1":9,"minecraft:iron_ore":248,"minecraft:cobbled_deepslate":38,"minecraft:fire":5,"minecraft:deepslate_lapis_ore":2,"minecraft:enchanting_table":1,"biomesoplenty:hanging_cobweb":3,"minecraft:iron_block":1,"minecraft:tripwire":1,"biomesoplenty:jacaranda_leaves":17,"minecraft:deepslate_redstone_ore":2,"biomesoplenty:jacaranda_planks":1,"minecraft:smoker":3,"minecraft:deepslate_tile_slab":1,"minecraft:soul_lantern":5,"biomesoplenty:hanging_cobweb_strand":3,"minecraft:torch":12,"minecraft:blast_furnace":3,"minecraft:chest":3,"minecraft:glass":15,"minecraft:nether_quartz_ore":22,"minecraft:cobblestone":261,"minecraft:oak_planks":1,"minecraft:sugar_cane":22,"minecraft:iron_door":7,"minecraft:wall_torch":107,"deep_dark_regrowth:stone_tiles":8,"minecraft:stone_stairs":4,"minecraft:birch_log":19,"minecraft:wheat":218,"deep_dark_regrowth:grimstone":2,"born_in_chaos_v1:river_mint":1,"minecraft:grass":110,"deep_dark_regrowth:grimstone_9":1,"minecraft:oak_log":110,"minecraft:dirt":572,"minecraft:birch_button":1,"minecraft:sand":369,"minecraft:stonecutter":1,"minecraft:netherrack":172,"minecraft:oak_leaves":11,"minecraft:deepslate":345,"minecraft:diamond_ore":49,"minecraft:tuff":17,"deep_dark_regrowth:grimstone_7":1,"deep_dark_regrowth:grimstone_5":2,"deep_dark_regrowth:grimstone_4":6,"minecraft:mossy_cobblestone":41,"minecraft:deepslate_diamond_ore":58,"minecraft:oak_door":8,"deep_dark_regrowth:grimstone_8":4,"biomesoplenty:desert_grass":17,"born_in_chaos_v1:infected_diamond_ore":5,"minecraft:ladder":6,"biomesoplenty:bush":1,"born_in_chaos_v1:black_argillite":8,"minecraft:spruce_leaves":5,"biomesoplenty:dead_grass":1,"biomesoplenty:jacaranda_log":25,"minecraft:furnace":8,"minecraft:carrots":88,"minecraft:andesite":76,"minecraft:bookshelf":9,"minecraft:deepslate_iron_ore":2,"deep_dark_regrowth:cobbled_grimstone":1,"minecraft:lantern":4,"deep_dark_regrowth:grimstone_3":6,"minecraft:stripped_oak_log":1,"minecraft:bamboo_sapling":7,"minecraft:bamboo":86,"minecraft:stone":2399,"minecraft:white_wool":2,"born_in_chaos_v1:mesh_door":1,"minecraft:oak_slab":3,"minecraft:scaffolding":12,"minecraft:glass_pane":2,"minecraft:stone_brick_slab":2,"minecraft:oak_fence":2,"minecraft:crafting_table":7,"deep_dark_regrowth:ghost_flowers":1,"minecraft:spruce_button":3,"minecraft:lectern":1,"biomesoplenty:stripped_jacaranda_log":2,"minecraft:stone_slab":1,"minecraft:copper_ore":8,"minecraft:tall_grass":14,"endofherobrine:glowing_obsidian":6,"minecraft:deepslate_coal_ore":14,"minecraft:lapis_ore":10,"biomesoplenty:sprout":1,"minecraft:deepslate_gold_ore":37,"minecraft:diorite":152,"minecraft:birch_planks":8,"minecraft:gray_wool":1,"deep_dark_regrowth:stone_tiles_slab":14,"minecraft:cobblestone_wall":2,"minecraft:redstone_torch":2,"minecraft:white_carpet":2,"minecraft:spruce_log":4,"minecraft:birch_leaves":4,"deep_dark_regrowth:moonstone_crystal_block":22,"fight_or_die:blood_splash2":15,"minecraft:coal_ore":286,"minecraft:gravel":110,"minecraft:gray_carpet":2,"minecraft:cobweb":4,"biomesoplenty:stringy_cobweb":1,"deep_dark_regrowth:grimstone_iron_ore":7,"minecraft:oak_button":5,"minecraft:spruce_fence_gate":1,"minecraft:polished_andesite":1,"minecraft:gold_ore":11},"minecraft:killed_by":{"endofherobrine:cow":1,"arphex:spider_moth_dweller":1,"minecraft:player":1,"fight_or_die:mutated_enderman":1,"fight_or_die:springer":2,"fight_or_die:mutated_player":2,"arphex:spider_moth_larvae":1},"minecraft:killed":{"born_in_chaos_v1:zombie_clown":1,"endofherobrine:silverfish":10,"fight_or_die:springer":29,"minecraft:cave_spider":1,"born_in_chaos_v1:restless_spirit":2,"born_in_chaos_v1:zombie_lumberjack":1,"minecraft:spider":1,"undead_revamp2:thesmoker":1,"minecraft:skeleton":9,"minecraft:chicken":41,"fight_or_die:mutated_fox":3,"born_in_chaos_v1:skeleton_thrasher":1,"arphex:spider_moth_larvae":2,"minecraft:magma_cube":1,"minecraft:pig":30,"born_in_chaos_v1:diamond_termite":6,"minecraft:zombie_villager":3,"fight_or_die:mutated_cow":1,"minecraft:creeper":3,"fight_or_die:mutated_enderman_head":1,"minecraft:sheep":27,"fight_or_die:mutated_villager":3,"born_in_chaos_v1:zombie_fisherman":1,"minecraft:pillager":4,"minecraft:zombie":13,"born_in_chaos_v1:corpse_fly":7,"fight_or_die:mutated_enderman":1,"fight_or_die:mutated_player":16,"minecraft:ghast":1,"endofherobrine:chicken":9,"endofherobrine:cow":2,"minecraft:cow":16,"fight_or_die:mutated_human_head":4,"undead_revamp2:thehunter":2,"fight_or_die:mutated_pig":6,"minecraft:slime":6,"born_in_chaos_v1:zombie_bruiser":1,"born_in_chaos_v1:maggot":8,"minecraft:horse":1,"fight_or_die:mutated_sheep":5,"fight_or_die:mutated_human":13,"fight_or_die:shiller":4,"born_in_chaos_v1:corpse_fish":2,"undead_revamp2:sucker":2,"born_in_chaos_v1:spirit_guide":1,"born_in_chaos_v1:spirit_guide_assistant":1,"undead_revamp2:the_moonflower":4,"minecraft:hoglin":3,"born_in_chaos_v1:decrepit_skeleton":5,"undead_revamp2:thesomnolence":1,"born_in_chaos_v1:decaying_zombie":1,"fight_or_die:mutated_player_head":2},"minecraft:broken":{"minecraft:iron_shovel":2,"minecraft:stone_pickaxe":5,"minecraft:diamond_pickaxe":1,"minecraft:shield":2,"minecraft:iron_axe":1,"minecraft:iron_pickaxe":2},"minecraft:used":{"minecraft:iron_shovel":599,"minecraft:ladder":6,"minecraft:oak_sign":4,"minecraft:shield":162,"minecraft:chest":18,"minecraft:stone":366,"minecraft:iron_chestplate":1,"deep_dark_regrowth:stone_tiles":20,"minecraft:carrot":151,"minecraft:deepslate_tile_slab":73,"minecraft:obsidian":15,"minecraft:milk_bucket":4,"minecraft:spruce_boat":1,"minecraft:glass":217,"minecraft:lava_bucket":7,"minecraft:coal_ore":1,"minecraft:grass_block":3,"minecraft:birch_sapling":10,"minecraft:lantern":1,"minecraft:iron_helmet":2,"minecraft:item_frame":10,"minecraft:birch_button":2,"biomesoplenty:jacaranda_sapling":1,"minecraft:bow":204,"minecraft:scaffolding":8,"minecraft:oak_sapling":1,"minecraft:furnace":14,"minecraft:egg":34,"minecraft:diorite":11,"minecraft:diamond_boots":2,"minecraft:oak_planks":61,"minecraft:stone_pickaxe":624,"minecraft:gray_carpet":5,"minecraft:wooden_pickaxe":42,"minecraft:composter":1,"minecraft:sugar_cane":28,"minecraft:diamond_axe":50,"minecraft:white_wool":2,"minecraft:blast_furnace":4,"minecraft:crossbow":1,"dixtas_armory:diamond_halberd":23,"biomesoplenty:jacaranda_planks":77,"minecraft:redstone_torch":1,"minecraft:stone_button":4,"minecraft:brown_wool":2,"minecraft:iron_door":14,"minecraft:gravel":21,"minecraft:soul_lantern":2,"minecraft:diamond_sword":571,"deep_dark_regrowth:stone_tiles_slab":55,"minecraft:andesite":15,"minecraft:coarse_dirt":1,"minecraft:bone_meal":19,"minecraft:experience_bottle":207,"minecraft:oak_fence":1,"minecraft:stone_sword":38,"minecraft:flint_and_steel":3,"minecraft:enchanting_table":5,"born_in_chaos_v1:ethereal_spirit":3,"minecraft:spruce_planks":139,"minecraft:cooked_chicken":44,"minecraft:netherrack":112,"minecraft:dirt":207,"minecraft:oak_door":12,"minecraft:torch":520,"minecraft:anvil":2,"minecraft:white_carpet":14,"minecraft:spruce_stairs":2,"minecraft:stone_stairs":71,"minecraft:diamond_helmet":1,"minecraft:granite":8,"minecraft:stone_brick_slab":55,"minecraft:wooden_axe":40,"minecraft:bookshelf":55,"minecraft:iron_axe":201,"minecraft:chicken_spawn_egg":2,"minecraft:iron_boots":3,"biomesoplenty:jacaranda_log":2,"minecraft:bamboo":217,"minecraft:diamond_chestplate":1,"minecraft:glowstone":61,"minecraft:cooked_beef":17,"minecraft:cobbled_deepslate":206,"minecraft:iron_leggings":2,"minecraft:wheat_seeds":440,"minecraft:cooked_mutton":4,"minecraft:water_bucket":72,"minecraft:cobblestone_stairs":95,"minecraft:birch_planks":91,"minecraft:stonecutter":2,"minecraft:spruce_fence_gate":2,"minecraft:mossy_cobblestone":3,"minecraft:tnt":11,"minecraft:crafting_table":14,"minecraft:oak_slab":1,"minecraft:white_bed":23,"minecraft:painting":5,"biomesoplenty:wildflower":5,"minecraft:smoker":4,"minecraft:oak_log":2,"minecraft:diamond_pickaxe":3425,"minecraft:apple":1,"minecraft:diamond_shovel":383,"minecraft:oak_button":16,"minecraft:iron_pickaxe":544,"biomesoplenty:stripped_jacaranda_log":2,"minecraft:stone_slab":6,"minecraft:stone_axe":56,"minecraft:porkchop":1,"minecraft:cobblestone":986,"minecraft:cooked_porkchop":73,"minecraft:bucket":76,"minecraft:glass_pane":112,"minecraft:gray_wool":1,"minecraft:diamond_leggings":1},"minecraft:dropped":{"minecraft:iron_sword":6,"minecraft:porkchop":1,"minecraft:diamond_axe":1,"minecraft:lapis_lazuli":64,"minecraft:cooked_beef":6,"minecraft:diamond":24,"minecraft:crafting_table":1,"minecraft:cooked_porkchop":54,"born_in_chaos_v1:pieceofdarkmetal":1,"minecraft:cobblestone_stairs":37,"minecraft:dirt":55,"minecraft:bone_meal":6,"minecraft:iron_pickaxe":3,"minecraft:stone_axe":1,"minecraft:sugar_cane":4,"minecraft:cooked_chicken":3,"minecraft:cobbled_deepslate":23,"minecraft:birch_sapling":2,"born_in_chaos_v1:ethereal_spirit":1,"minecraft:rotten_flesh":12,"minecraft:oak_planks":47,"minecraft:diamond_shovel":1,"minecraft:cooked_mutton":6,"minecraft:carrot":1,"born_in_chaos_v1:seedof_chaos":1,"born_in_chaos_v1:corpse_maggot":5,"born_in_chaos_v1:diamond_termite_shard":3,"fight_or_die:ripping_flesh":3,"minecraft:scaffolding":43,"minecraft:bread":99,"minecraft:iron_ingot":6,"born_in_chaos_v1:intoxicating_decoction":3,"minecraft:wheat_seeds":73,"born_in_chaos_v1:mesh_door":1,"minecraft:diamond_leggings":1,"minecraft:iron_helmet":3,"minecraft:feather":10,"minecraft:cobblestone":140,"minecraft:book":87,"man:cassette_1safetyinstructions":1,"minecraft:granite":2,"minecraft:copper_ingot":1,"dixtas_armory:diamond_halberd":1,"minecraft:stick":5,"minecraft:polished_andesite":1,"minecraft:iron_block":7,"minecraft:gray_wool":1,"born_in_chaos_v1:black_argillite":3,"minecraft:diorite":94,"minecraft:torch":48,"minecraft:wooden_axe":1,"minecraft:diamond_helmet":1,"minecraft:iron_leggings":6,"minecraft:iron_axe":8,"minecraft:chainmail_leggings":1,"minecraft:bucket":1,"minecraft:polished_diorite":1,"minecraft:coarse_dirt":10,"minecraft:raw_copper":3,"minecraft:iron_boots":8,"minecraft:flint_and_steel":1,"minecraft:diamond_sword":2,"minecraft:stone":18,"minecraft:shield":7,"minecraft:spruce_planks":1,"minecraft:diamond_pickaxe":3,"minecraft:iron_chestplate":3,"minecraft:oak_sapling":10,"minecraft:bamboo":43,"minecraft:diamond_boots":1,"minecraft:beacon":1,"minecraft:bow":1,"minecraft:stone_pickaxe":2,"minecraft:wooden_pickaxe":5},"minecraft:custom":{"minecraft:animals_bred":64,"minecraft:interact_with_crafting_table":105,"minecraft:open_barrel":16,"minecraft:leave_game":15,"minecraft:time_since_death":262084,"minecraft:sprint_one_cm":1780029,"minecraft:damage_blocked_by_shield":8390,"minecraft:drop":267,"minecraft:talked_to_villager":1,"minecraft:play_time":948249,"minecraft:deaths":10,"minecraft:jump":14043,"minecraft:walk_on_water_one_cm":60783,"minecraft:enchant_item":27,"minecraft:interact_with_furnace":226,"minecraft:sleep_in_bed":53,"minecraft:damage_dealt":36410,"minecraft:player_kills":3,"minecraft:crouch_one_cm":229561,"minecraft:interact_with_smoker":69,"minecraft:interact_with_anvil":3,"minecraft:mob_kills":324,"minecraft:damage_dealt_resisted":387,"minecraft:climb_one_cm":73423,"minecraft:walk_one_cm":2865045,"minecraft:sneak_time":103532,"minecraft:walk_under_water_one_cm":68578,"minecraft:boat_one_cm":20985,"minecraft:interact_with_blast_furnace":22,"minecraft:total_world_time":948249,"minecraft:interact_with_stonecutter":25,"minecraft:time_since_rest":11604,"minecraft:damage_taken":9982,"minecraft:swim_one_cm":125313,"minecraft:fly_one_cm":2288048,"minecraft:open_chest":452,"minecraft:fall_one_cm":378395},"minecraft:crafted":{"minecraft:smooth_stone":15,"minecraft:oak_planks":484,"minecraft:cooked_chicken":47,"minecraft:stone":458,"minecraft:cobblestone_stairs":94,"dixtas_armory:diamond_battle_axe":1,"minecraft:diamond_shovel":2,"minecraft:cooked_mutton":7,"minecraft:glass":273,"minecraft:stone_brick_slab":62,"minecraft:diamond_helmet":1,"minecraft:diamond_leggings":1,"minecraft:iron_boots":3,"minecraft:chest":15,"minecraft:oak_button":11,"minecraft:iron_door":6,"minecraft:birch_button":1,"minecraft:stone_bricks":4,"minecraft:smoker":1,"minecraft:item_frame":6,"minecraft:oak_slab":18,"biomesoplenty:jacaranda_planks":92,"minecraft:cooked_porkchop":17,"minecraft:diamond_axe":1,"minecraft:crafting_table":7,"minecraft:spruce_planks":184,"minecraft:wooden_pickaxe":2,"minecraft:iron_helmet":3,"minecraft:birch_planks":84,"minecraft:painting":1,"deep_dark_regrowth:stone_tiles_slab":40,"minecraft:iron_chestplate":3,"minecraft:diamond_pickaxe":5,"minecraft:charcoal":8,"minecraft:shield":8,"minecraft:stick":180,"minecraft:stone_slab":4,"minecraft:iron_ingot":207,"minecraft:iron_pickaxe":3,"minecraft:stone_sword":1,"deep_dark_regrowth:stone_tiles":13,"minecraft:composter":1,"minecraft:spruce_fence_gate":1,"minecraft:shears":1,"minecraft:deepslate_tile_slab":72,"minecraft:oak_door":6,"minecraft:furnace":9,"minecraft:stone_button":4,"minecraft:blast_furnace":2,"minecraft:bone_meal":24,"minecraft:white_carpet":12,"minecraft:stone_stairs":29,"minecraft:glass_pane":112,"minecraft:flint_and_steel":1,"minecraft:iron_axe":4,"minecraft:stone_pickaxe":4,"minecraft:diamond_boots":2,"minecraft:spruce_boat":1,"minecraft:lead":4,"minecraft:cooked_beef":34,"minecraft:diamond_sword":3,"minecraft:bucket":1,"minecraft:stone_axe":2,"minecraft:glowstone":14,"minecraft:bread":17,"minecraft:air":0,"minecraft:wooden_axe":1,"minecraft:iron_shovel":3,"minecraft:iron_leggings":4,"minecraft:stonecutter":1,"minecraft:white_bed":4,"minecraft:torch":260,"minecraft:diamond_chestplate":1},"minecraft:picked_up":{"biomesoplenty:burning_blossom":4,"minecraft:iron_chestplate":10,"minecraft:wheat":346,"minecraft:black_carpet":12,"minecraft:diamond_sword":9,"minecraft:lead":12,"minecraft:stone_slab":2,"minecraft:birch_button":2,"born_in_chaos_v1:black_argillite":30,"minecraft:string":19,"born_in_chaos_v1:mesh_door":1,"minecraft:raw_copper":33,"minecraft:iron_leggings":12,"minecraft:oak_sign":4,"minecraft:diamond_leggings":1,"minecraft:cobbled_deepslate":687,"minecraft:bucket":1,"minecraft:spruce_planks":96,"minecraft:redstone_torch":2,"minecraft:iron_pickaxe":8,"minecraft:iron_boots":13,"minecraft:furnace":8,"minecraft:stick":25,"born_in_chaos_v1:shattered_skull":1,"minecraft:oak_fence":2,"minecraft:torch":299,"minecraft:porkchop":65,"minecraft:diorite":325,"minecraft:golden_chestplate":1,"minecraft:stone_sword":1,"minecraft:rotten_flesh":101,"minecraft:iron_block":7,"minecraft:glowstone":16,"minecraft:bookshelf":29,"minecraft:obsidian":2,"minecraft:cobblestone":3067,"minecraft:birch_log":23,"minecraft:enchanting_table":1,"minecraft:cooked_beef":4,"minecraft:feather":87,"fight_or_die:springer_fragment":1,"minecraft:iron_door":9,"minecraft:water_bucket":8,"minecraft:andesite":134,"minecraft:brown_wool":2,"minecraft:golden_leggings":1,"minecraft:beacon":1,"minecraft:smoker":3,"minecraft:flint":16,"minecraft:tuff":43,"minecraft:lapis_lazuli":202,"minecraft:dirt":921,"minecraft:lantern":3,"born_in_chaos_v1:monster_skin":4,"born_in_chaos_v1:marigolds":10,"minecraft:glass":16,"minecraft:bone":62,"undead_revamp2:blacpetalblock":1,"minecraft:bow":4,"minecraft:stonecutter":1,"minecraft:wheat_seeds":687,"minecraft:raw_gold":69,"minecraft:diamond_helmet":3,"minecraft:glowstone_dust":64,"minecraft:bamboo":976,"minecraft:oak_planks":168,"biomesoplenty:toadstool":3,"minecraft:cooked_porkchop":320,"minecraft:sand":402,"minecraft:grass_block":4,"deep_dark_regrowth:cobbled_grimstone":51,"minecraft:fermented_spider_eye":1,"minecraft:mossy_cobblestone":39,"minecraft:polished_andesite":1,"minecraft:spruce_fence_gate":1,"minecraft:diamond":194,"minecraft:soul_lantern":4,"minecraft:writable_book":1,"minecraft:granite":60,"minecraft:bone_meal":18,"minecraft:spruce_button":2,"minecraft:spruce_sign":1,"minecraft:bread":110,"minecraft:oak_sapling":11,"born_in_chaos_v1:rotten_fish":5,"minecraft:netherrack":145,"biomesoplenty:stripped_jacaranda_log":2,"minecraft:diamond_pickaxe":5,"born_in_chaos_v1:diamond_termite_shard":13,"minecraft:charcoal":1,"minecraft:coarse_dirt":11,"minecraft:crafting_table":8,"minecraft:chicken":57,"minecraft:ladder":6,"born_in_chaos_v1:seedof_chaos":1,"born_in_chaos_v1:charmof_resistance":1,"minecraft:wooden_pickaxe":3,"biomesoplenty:jacaranda_sapling":1,"minecraft:chain":1,"minecraft:shield":9,"minecraft:flint_and_steel":1,"dixtas_armory:diamond_halberd":2,"minecraft:stone_stairs":3,"minecraft:moss_carpet":14,"minecraft:iron_axe":13,"born_in_chaos_v1:intoxicating_decoction":3,"minecraft:item_frame":3,"minecraft:white_carpet":2,"minecraft:iron_shovel":5,"minecraft:glass_pane":39,"minecraft:beef":30,"born_in_chaos_v1:gnawed_bones":2,"minecraft:lectern":1,"biomesoplenty:wildflower":5,"minecraft:sugar_cane":37,"minecraft:chest":3,"minecraft:birch_sapling":2,"minecraft:egg":165,"fight_or_die:ripping_flesh":24,"minecraft:raw_iron":478,"minecraft:stone":130,"fight_or_die:rotten_brain":2,"minecraft:oak_door":8,"minecraft:copper_ingot":3,"born_in_chaos_v1:pieceofdarkmetal":13,"minecraft:carrot":284,"minecraft:arrow":172,"minecraft:diamond_chestplate":1,"biomesoplenty:jacaranda_log":31,"minecraft:diamond_boots":3,"minecraft:mutton":33,"minecraft:white_wool":26,"born_in_chaos_v1:fused_bone":6,"minecraft:stripped_oak_log":1,"born_in_chaos_v1:corpse_maggot":16,"born_in_chaos_v1:monster_flesh":3,"minecraft:leather":17,"deep_dark_regrowth:stone_tiles_slab":15,"minecraft:birch_planks":14,"minecraft:oak_log":176,"minecraft:cobblestone_wall":2,"minecraft:gunpowder":10,"biomesoplenty:jacaranda_planks":1,"deep_dark_regrowth:stone_tiles":8,"minecraft:cobblestone_stairs":122,"minecraft:deepslate_tile_slab":1,"minecraft:cooked_mutton":6,"minecraft:apple":2,"minecraft:gray_carpet":30,"minecraft:iron_ingot":19,"minecraft:stone_pickaxe":4,"minecraft:iron_sword":8,"minecraft:book":99,"minecraft:scaffolding":65,"minecraft:oak_slab":1,"minecraft:stone_brick_slab":3,"born_in_chaos_v1:ethereal_spirit":4,"minecraft:quartz":46,"minecraft:gravel":184,"minecraft:blast_furnace":6,"minecraft:white_bed":19,"minecraft:spruce_log":66,"fight_or_die:sickened_heart":2,"minecraft:coal_ore":1,"minecraft:slime_ball":9,"minecraft:polished_diorite":1,"minecraft:stone_axe":3,"minecraft:chainmail_leggings":1,"minecraft:iron_helmet":9,"minecraft:painting":2,"minecraft:gray_wool":2,"minecraft:oak_button":9,"minecraft:black_wool":1,"minecraft:coal":623,"minecraft:ender_pearl":1}},"DataVersion":3465}