{"stats":{"minecraft:killed":{"born_in_chaos_v1:zombie_clown":1,"fight_or_die:springer":12,"fight_or_die:mutated_human_head":2,"minecraft:cave_spider":1,"born_in_chaos_v1:restless_spirit":2,"fight_or_die:mutated_pig":4,"minecraft:spider":1,"born_in_chaos_v1:maggot":2,"minecraft:skeleton":4,"fight_or_die:mutated_sheep":1,"fight_or_die:mutated_human":5,"minecraft:chicken":20,"fight_or_die:mutated_fox":1,"undead_revamp2:sucker":2,"minecraft:pig":17,"undead_revamp2:the_moonflower":1,"minecraft:creeper":2,"born_in_chaos_v1:decrepit_skeleton":1,"minecraft:sheep":24,"fight_or_die:mutated_villager":1,"minecraft:zombie":5,"born_in_chaos_v1:corpse_fly":7,"fight_or_die:mutated_player":5,"endofherobrine:cow":2,"fight_or_die:mutated_player_head":1,"minecraft:cow":7},"minecraft:custom":{"minecraft:mob_kills":133,"minecraft:interact_with_crafting_table":57,"minecraft:damage_dealt_resisted":68,"minecraft:leave_game":4,"minecraft:time_since_death":6139,"minecraft:climb_one_cm":1785,"minecraft:sprint_one_cm":443589,"minecraft:damage_blocked_by_shield":3160,"minecraft:walk_one_cm":844301,"minecraft:drop":95,"minecraft:play_time":302824,"minecraft:deaths":6,"minecraft:sneak_time":35998,"minecraft:walk_under_water_one_cm":11020,"minecraft:jump":5736,"minecraft:interact_with_blast_furnace":5,"minecraft:walk_on_water_one_cm":17824,"minecraft:total_world_time":302824,"minecraft:interact_with_furnace":143,"minecraft:sleep_in_bed":13,"minecraft:time_since_rest":6187,"minecraft:damage_taken":4781,"minecraft:damage_dealt":16040,"minecraft:swim_one_cm":8716,"minecraft:fly_one_cm":799887,"minecraft:open_chest":44,"minecraft:crouch_one_cm":74582,"minecraft:interact_with_smoker":52,"minecraft:fall_one_cm":163358},"minecraft:dropped":{"born_in_chaos_v1:intoxicating_decoction":3,"minecraft:porkchop":1,"minecraft:wheat_seeds":9,"minecraft:crafting_table":1,"minecraft:cooked_porkchop":20,"minecraft:feather":10,"minecraft:iron_helmet":2,"minecraft:cobblestone":52,"man:cassette_1safetyinstructions":1,"minecraft:stick":5,"minecraft:dirt":4,"minecraft:gray_wool":1,"minecraft:torch":1,"minecraft:wooden_axe":1,"minecraft:iron_leggings":2,"minecraft:iron_axe":4,"minecraft:stone_axe":1,"minecraft:cooked_chicken":3,"minecraft:coarse_dirt":10,"born_in_chaos_v1:ethereal_spirit":1,"minecraft:iron_boots":4,"minecraft:cooked_mutton":6,"minecraft:carrot":1,"minecraft:diamond_sword":1,"minecraft:shield":4,"born_in_chaos_v1:seedof_chaos":1,"minecraft:iron_chestplate":2,"born_in_chaos_v1:corpse_maggot":3,"minecraft:wooden_pickaxe":5,"minecraft:stone_pickaxe":2},"minecraft:used":{"minecraft:stone_sword":38,"minecraft:iron_shovel":255,"born_in_chaos_v1:ethereal_spirit":3,"minecraft:chest":3,"minecraft:shield":49,"minecraft:cooked_chicken":19,"minecraft:oak_door":8,"minecraft:iron_chestplate":1,"minecraft:torch":149,"minecraft:dirt":77,"minecraft:carrot":5,"minecraft:granite":6,"minecraft:milk_bucket":3,"minecraft:glass":19,"minecraft:wooden_axe":40,"minecraft:iron_axe":113,"minecraft:iron_helmet":2,"minecraft:iron_boots":3,"minecraft:bamboo":206,"minecraft:birch_button":1,"minecraft:oak_sapling":1,"minecraft:furnace":12,"minecraft:cooked_beef":10,"minecraft:iron_leggings":2,"minecraft:cooked_mutton":4,"minecraft:water_bucket":26,"minecraft:diorite":5,"minecraft:birch_planks":8,"minecraft:stone_pickaxe":624,"minecraft:oak_planks":14,"minecraft:wooden_pickaxe":42,"minecraft:crafting_table":10,"minecraft:blast_furnace":2,"minecraft:crossbow":1,"minecraft:white_bed":7,"minecraft:smoker":3,"minecraft:diamond_pickaxe":1,"minecraft:iron_pickaxe":544,"minecraft:oak_button":8,"minecraft:iron_door":3,"minecraft:gravel":1,"minecraft:stone_axe":56,"minecraft:diamond_sword":236,"minecraft:cobblestone":444,"minecraft:cooked_porkchop":20,"minecraft:bucket":27,"minecraft:glass_pane":112,"minecraft:coarse_dirt":1,"minecraft:gray_wool":1,"minecraft:bone_meal":15},"minecraft:crafted":{"minecraft:oak_door":6,"minecraft:smooth_stone":15,"minecraft:oak_planks":264,"minecraft:cooked_chicken":22,"minecraft:furnace":9,"minecraft:blast_furnace":2,"minecraft:stone":15,"minecraft:bone_meal":15,"minecraft:cooked_mutton":7,"minecraft:glass_pane":112,"minecraft:glass":61,"minecraft:iron_boots":3,"minecraft:iron_axe":3,"minecraft:stone_pickaxe":4,"minecraft:chest":2,"minecraft:oak_button":6,"minecraft:iron_door":3,"minecraft:birch_button":1,"minecraft:smoker":1,"minecraft:cooked_beef":13,"minecraft:diamond_sword":1,"minecraft:cooked_porkchop":11,"minecraft:crafting_table":5,"minecraft:wooden_pickaxe":2,"minecraft:iron_helmet":3,"minecraft:bucket":1,"minecraft:birch_planks":8,"minecraft:stone_axe":2,"minecraft:air":0,"minecraft:iron_chestplate":2,"minecraft:diamond_pickaxe":1,"minecraft:charcoal":8,"minecraft:shield":5,"minecraft:stick":72,"minecraft:iron_ingot":206,"minecraft:iron_pickaxe":3,"minecraft:wooden_axe":1,"minecraft:stone_sword":1,"minecraft:iron_shovel":1,"minecraft:iron_leggings":3,"minecraft:white_bed":4,"minecraft:torch":148,"minecraft:shears":1},"minecraft:picked_up":{"born_in_chaos_v1:diamond_termite_shard":6,"minecraft:iron_chestplate":6,"minecraft:crafting_table":6,"minecraft:coarse_dirt":11,"minecraft:chicken":27,"born_in_chaos_v1:seedof_chaos":1,"minecraft:diamond_sword":5,"minecraft:wooden_pickaxe":3,"minecraft:chain":1,"minecraft:shield":6,"born_in_chaos_v1:black_argillite":6,"minecraft:string":13,"minecraft:moss_carpet":3,"minecraft:iron_axe":6,"minecraft:iron_leggings":6,"born_in_chaos_v1:intoxicating_decoction":3,"minecraft:glass_pane":39,"minecraft:cobbled_deepslate":1,"minecraft:beef":15,"minecraft:iron_pickaxe":5,"minecraft:chest":1,"minecraft:furnace":6,"minecraft:iron_boots":7,"minecraft:egg":6,"fight_or_die:ripping_flesh":8,"minecraft:stick":13,"minecraft:raw_iron":220,"fight_or_die:rotten_brain":2,"minecraft:oak_door":4,"minecraft:oak_fence":1,"minecraft:torch":107,"minecraft:porkchop":36,"minecraft:diorite":13,"born_in_chaos_v1:pieceofdarkmetal":2,"minecraft:arrow":4,"minecraft:rotten_flesh":22,"minecraft:mutton":29,"minecraft:white_wool":24,"minecraft:cobblestone":903,"minecraft:birch_log":4,"born_in_chaos_v1:corpse_maggot":9,"minecraft:feather":33,"minecraft:cooked_beef":4,"minecraft:water_bucket":5,"minecraft:andesite":55,"minecraft:leather":6,"minecraft:smoker":2,"minecraft:birch_planks":9,"minecraft:oak_log":144,"minecraft:gunpowder":3,"minecraft:lapis_lazuli":41,"minecraft:dirt":265,"minecraft:cooked_mutton":6,"minecraft:bone":15,"undead_revamp2:blacpetalblock":1,"minecraft:wheat_seeds":19,"minecraft:raw_gold":8,"minecraft:iron_ingot":7,"minecraft:stone_pickaxe":4,"minecraft:bamboo":872,"minecraft:oak_planks":121,"biomesoplenty:toadstool":3,"minecraft:scaffolding":4,"minecraft:cooked_porkchop":212,"born_in_chaos_v1:ethereal_spirit":1,"minecraft:gravel":1,"minecraft:sand":88,"minecraft:blast_furnace":2,"minecraft:white_bed":3,"fight_or_die:sickened_heart":1,"minecraft:diamond":39,"minecraft:stone_axe":3,"minecraft:iron_helmet":5,"minecraft:granite":15,"minecraft:gray_wool":2,"minecraft:oak_button":2,"minecraft:oak_sapling":1,"minecraft:black_wool":1,"minecraft:coal":230,"minecraft:diamond_pickaxe":1},"minecraft:killed_by":{"endofherobrine:cow":1,"minecraft:player":1,"fight_or_die:springer":1,"fight_or_die:mutated_player":2},"minecraft:mined":{"minecraft:diamond_ore":19,"minecraft:deepslate_diamond_ore":7,"minecraft:oak_door":4,"biomesoplenty:desert_grass":8,"minecraft:granite":12,"biomesoplenty:bush":1,"minecraft:grass_block":108,"born_in_chaos_v1:black_argillite":6,"minecraft:furnace":6,"fight_or_die:blood_splash1":6,"minecraft:iron_ore":178,"minecraft:andesite":40,"minecraft:deepslate_lapis_ore":2,"biomesoplenty:hanging_cobweb":3,"minecraft:bamboo_sapling":6,"minecraft:bamboo":85,"minecraft:stone":678,"minecraft:scaffolding":5,"minecraft:glass_pane":2,"minecraft:smoker":2,"biomesoplenty:hanging_cobweb_strand":3,"minecraft:oak_fence":1,"minecraft:crafting_table":5,"minecraft:torch":2,"minecraft:blast_furnace":1,"minecraft:chest":1,"endofherobrine:glowing_obsidian":1,"minecraft:tall_grass":8,"minecraft:cobblestone":70,"minecraft:lapis_ore":1,"minecraft:diorite":9,"minecraft:wall_torch":23,"minecraft:gray_wool":1,"minecraft:birch_planks":1,"fight_or_die:blood_splash2":13,"minecraft:grass":85,"minecraft:oak_log":82,"minecraft:coal_ore":133,"minecraft:sand":90,"minecraft:dirt":111,"minecraft:cobweb":1,"minecraft:oak_button":1,"minecraft:deepslate":1,"minecraft:gold_ore":4,"minecraft:oak_leaves":3},"minecraft:broken":{"minecraft:iron_shovel":1,"minecraft:stone_pickaxe":5,"minecraft:shield":1,"minecraft:iron_pickaxe":2}},"DataVersion":3465}