{"stats":{"minecraft:killed":{"minecraft:vindicator":3,"minecraft:spider":1,"minecraft:skeleton":9,"friendsandfoes:mauler":2,"minecraft:chicken":11,"minecraft:piglin":5,"minecraft:pig":11,"minecraft:zombie_villager":1,"minecraft:creeper":6,"minecraft:sheep":19,"minecraft:trader_llama":2,"minecraft:pillager":8,"minecraft:zombie":13,"minecraft:cow":1},"minecraft:used":{"minecraft:cherry_sapling":2,"minecraft:enchanting_table":1,"minecraft:iron_shovel":248,"minecraft:flint_and_steel":38,"minecraft:chest":9,"minecraft:shield":20,"minecraft:iron_sword":97,"minecraft:netherrack":7,"minecraft:cooked_chicken":15,"minecraft:iron_chestplate":1,"minecraft:torch":149,"minecraft:dirt":838,"minecraft:anvil":3,"minecraft:cobblestone_wall":5,"minecraft:oak_fence_gate":3,"minecraft:obsidian":14,"minecraft:purple_banner":2,"minecraft:iron_hoe":257,"minecraft:wooden_axe":8,"minecraft:lava_bucket":9,"minecraft:netherite_shovel":1766,"minecraft:iron_axe":139,"minecraft:iron_helmet":1,"minecraft:iron_boots":1,"minecraft:bow":53,"minecraft:oak_sapling":18,"minecraft:furnace":3,"tombstone:gift":3,"minecraft:egg":4,"minecraft:cobbled_deepslate":5,"minecraft:iron_leggings":1,"minecraft:wheat_seeds":88,"minecraft:cooked_mutton":20,"minecraft:water_bucket":76,"minecraft:bundle":1,"minecraft:stone_pickaxe":294,"minecraft:wooden_pickaxe":37,"minecraft:composter":1,"minecraft:diamond_axe":129,"minecraft:sugar_cane":5,"minecraft:mossy_cobblestone":2,"minecraft:crafting_table":6,"minecraft:white_bed":9,"minecraft:shears":2,"minecraft:smoker":3,"minecraft:music_disc_strad":1,"croptopia:orange":6,"minecraft:oak_log":1,"minecraft:diamond_pickaxe":3314,"minecraft:apple":9,"minecraft:diamond_shovel":397,"minecraft:iron_pickaxe":142,"tombstone:magic_scroll":6,"minecraft:gravel":11,"minecraft:stone_axe":78,"minecraft:cobblestone":403,"minecraft:cooked_porkchop":25,"minecraft:bucket":86,"minecraft:andesite":23,"minecraft:dandelion":1,"minecraft:experience_bottle":1},"minecraft:broken":{"minecraft:stone_pickaxe":1,"minecraft:iron_hoe":1},"minecraft:mined":{"minecraft:oak_sapling":1,"minecraft:farmland":3,"minecraft:white_bed":5,"minecraft:mossy_cobblestone":3,"minecraft:cherry_log":3,"minecraft:obsidian":4,"minecraft:spruce_trapdoor":4,"minecraft:grass_block":1204,"minecraft:composter":1,"minecraft:spawner":1,"minecraft:large_fern":1,"minecraft:hay_block":18,"minecraft:glowstone":20,"minecraft:furnace":2,"minecraft:iron_ore":102,"minecraft:fire":11,"minecraft:andesite":92,"minecraft:stripped_spruce_log":2,"minecraft:anvil":2,"minecraft:deepslate_iron_ore":3,"minecraft:spruce_pressure_plate":2,"lucky:lucky_block":12,"minecraft:stone":3258,"minecraft:iron_block":4,"sophisticatedbackpacks:backpack":1,"sophisticatedbackpacks:copper_backpack":1,"minecraft:acacia_leaves":2,"minecraft:smoker":2,"minecraft:dandelion":1,"minecraft:spruce_door":4,"minecraft:oak_fence":16,"minecraft:crafting_table":4,"minecraft:torch":5,"minecraft:calcite":1,"minecraft:chest":8,"minecraft:copper_ore":15,"minecraft:tall_grass":171,"minecraft:cobblestone":31,"minecraft:slime_block":65,"minecraft:sugar_cane":5,"minecraft:wall_torch":3,"minecraft:amethyst_block":3,"minecraft:wheat":9,"minecraft:grass":427,"minecraft:oak_log":118,"minecraft:coal_ore":181,"minecraft:oak_fence_gate":8,"minecraft:gravel":14,"minecraft:dirt":1100,"minecraft:netherrack":34,"minecraft:gold_ore":1,"minecraft:oak_leaves":58,"minecraft:emerald_block":1,"minecraft:deepslate":12},"minecraft:picked_up":{"minecraft:iron_chestplate":2,"minecraft:music_disc_strad":2,"minecraft:crafting_table":5,"minecraft:wheat":8,"croptopia:peach":13,"minecraft:chicken":10,"minecraft:anvil":3,"minecraft:lead":1,"minecraft:enchanted_book":16,"minecraft:amethyst_block":1,"minecraft:raw_copper":8,"minecraft:string":2,"minecraft:iron_axe":1,"lucky:lucky_potion":6,"minecraft:quartz_slab":4,"minecraft:purple_banner":2,"minecraft:cobbled_deepslate":11,"minecraft:beef":1,"minecraft:light_gray_wool":1,"minecraft:quartz_stairs":6,"minecraft:sugar_cane":8,"minecraft:chest":7,"minecraft:spruce_trapdoor":4,"minecraft:egg":10,"minecraft:furnace":2,"minecraft:spruce_pressure_plate":2,"minecraft:stick":14,"minecraft:raw_iron":100,"minecraft:composter":1,"minecraft:oak_fence":16,"minecraft:torch":16,"minecraft:music_disc_mellohi":1,"sophisticatedbackpacks:backpack":1,"minecraft:porkchop":20,"minecraft:cherry_log":2,"tombstone:grave_dust":2,"minecraft:quartz_block":20,"minecraft:arrow":36,"minecraft:rotten_flesh":16,"minecraft:hay_block":18,"minecraft:iron_block":5,"sophisticatedbackpacks:copper_backpack":1,"minecraft:gold_ingot":24,"minecraft:obsidian":18,"minecraft:mutton":31,"minecraft:cobblestone":3234,"minecraft:white_wool":24,"minecraft:feather":15,"minecraft:tripwire_hook":1,"minecraft:andesite":137,"minecraft:leather":2,"minecraft:acacia_leaves":2,"minecraft:brown_wool":1,"minecraft:end_portal_frame":3,"minecraft:potato":1,"minecraft:beacon":1,"minecraft:smoker":2,"minecraft:flint":3,"minecraft:oak_log":166,"minecraft:gunpowder":1,"minecraft:dirt":1517,"minecraft:cooked_mutton":1,"minecraft:bone":8,"minecraft:apple":12,"minecraft:bow":2,"minecraft:wheat_seeds":470,"minecraft:raw_gold":1,"minecraft:oak_fence_gate":8,"minecraft:iron_ingot":16,"minecraft:cooked_chicken":1,"minecraft:glowstone_dust":49,"minecraft:oak_planks":4,"minecraft:nether_quartz_ore":27,"minecraft:emerald_block":1,"minecraft:quartz":25,"minecraft:dandelion":2,"minecraft:gravel":11,"minecraft:stripped_spruce_log":2,"minecraft:white_bed":5,"minecraft:gold_ore":6,"minecraft:mossy_cobblestone":2,"minecraft:spruce_door":4,"minecraft:bundle":1,"minecraft:diamond":17,"minecraft:slime_block":73,"minecraft:lever":1,"minecraft:iron_helmet":1,"croptopia:orange":11,"minecraft:cherry_sapling":2,"minecraft:grass":2,"minecraft:emerald":20,"tombstone:magic_scroll":1,"minecraft:oak_sapling":18,"minecraft:netherrack":13,"minecraft:black_wool":3,"minecraft:coal":181,"minecraft:diamond_pickaxe":1},"minecraft:dropped":{"minecraft:enchanted_book":3,"minecraft:gold_ore":6,"minecraft:iron_ingot":7,"minecraft:porkchop":1,"minecraft:wheat_seeds":386,"minecraft:crafting_table":3,"minecraft:feather":4,"minecraft:cobblestone":4,"minecraft:lead":1,"minecraft:spectral_arrow":1,"lucky:lucky_potion":6,"minecraft:apple":5,"minecraft:cobweb":1,"minecraft:stick":4,"minecraft:torch":102,"minecraft:mutton":2,"minecraft:music_disc_strad":1,"minecraft:iron_axe":2,"minecraft:string":2,"minecraft:bone":7,"minecraft:stone_axe":1,"minecraft:cooked_chicken":1,"minecraft:rotten_flesh":13,"minecraft:light_gray_wool":1,"minecraft:oak_planks":8,"minecraft:netherite_shovel":1,"sophisticatedbackpacks:backpack":1,"minecraft:cooked_mutton":1,"minecraft:shield":1,"minecraft:diamond_pickaxe":1,"minecraft:andesite":46,"minecraft:end_portal_frame":3,"sophisticatedbackpacks:copper_backpack":1,"croptopia:peach":6,"minecraft:wooden_pickaxe":1,"minecraft:stone_pickaxe":2,"minecraft:music_disc_mellohi":1},"minecraft:crafted":{"minecraft:oak_planks":156,"minecraft:cooked_chicken":9,"minecraft:furnace":2,"minecraft:diamond_shovel":1,"minecraft:flint_and_steel":1,"minecraft:cooked_mutton":23,"minecraft:iron_boots":1,"minecraft:iron_axe":2,"minecraft:iron_hoe":1,"minecraft:stone_pickaxe":3,"minecraft:cobblestone_wall":24,"minecraft:chest":2,"minecraft:wheat":162,"minecraft:smoker":1,"minecraft:cooked_porkchop":25,"minecraft:diamond_axe":1,"minecraft:crafting_table":4,"minecraft:enchanting_table":1,"minecraft:wooden_pickaxe":1,"minecraft:iron_helmet":1,"minecraft:iron_sword":1,"minecraft:bucket":1,"minecraft:stone_axe":1,"minecraft:air":0,"minecraft:book":1,"minecraft:iron_chestplate":1,"minecraft:paper":3,"minecraft:diamond_pickaxe":2,"minecraft:shield":2,"minecraft:stick":96,"minecraft:iron_ingot":82,"minecraft:iron_pickaxe":1,"minecraft:wooden_axe":1,"minecraft:iron_shovel":1,"minecraft:iron_leggings":1,"minecraft:white_bed":4,"minecraft:torch":252,"minecraft:shears":1},"minecraft:custom":{"minecraft:mob_kills":93,"minecraft:interact_with_anvil":4,"minecraft:animals_bred":22,"minecraft:open_barrel":12,"minecraft:interact_with_crafting_table":30,"minecraft:damage_dealt_resisted":66,"minecraft:leave_game":5,"minecraft:time_since_death":295630,"minecraft:sprint_one_cm":637167,"minecraft:walk_one_cm":898648,"minecraft:damage_blocked_by_shield":1605,"minecraft:drop":95,"minecraft:damage_dealt_absorbed":80,"minecraft:talked_to_villager":5,"minecraft:target_hit":1,"minecraft:play_time":295630,"minecraft:sneak_time":24244,"minecraft:walk_under_water_one_cm":20212,"minecraft:jump":6770,"minecraft:walk_on_water_one_cm":28089,"minecraft:total_world_time":295630,"minecraft:interact_with_furnace":40,"tombstone:raider_killed":11,"minecraft:play_record":1,"minecraft:sleep_in_bed":18,"minecraft:time_since_rest":12314,"minecraft:damage_taken":3618,"minecraft:damage_dealt":11446,"minecraft:swim_one_cm":71353,"minecraft:fly_one_cm":1160625,"minecraft:open_chest":126,"minecraft:crouch_one_cm":78874,"tombstone:undead_killed":23,"minecraft:interact_with_smoker":23,"minecraft:fall_one_cm":209350}},"DataVersion":3465}