{"stats":{"minecraft:killed":{"born_in_chaos_v1:zombie_clown":1,"fight_or_die:springer":2,"born_in_chaos_v1:maggot":2,"minecraft:skeleton":3,"minecraft:chicken":17,"undead_revamp2:sucker":1,"minecraft:pig":13,"born_in_chaos_v1:decrepit_skeleton":1,"minecraft:sheep":23,"minecraft:zombie":2,"born_in_chaos_v1:corpse_fly":3,"minecraft:cow":4},"minecraft:custom":{"minecraft:mob_kills":72,"minecraft:interact_with_crafting_table":40,"minecraft:damage_dealt_resisted":20,"minecraft:leave_game":3,"minecraft:time_since_death":145290,"minecraft:sprint_one_cm":204406,"minecraft:walk_one_cm":431569,"minecraft:drop":65,"minecraft:play_time":164590,"minecraft:deaths":1,"minecraft:sneak_time":22301,"minecraft:walk_under_water_one_cm":3533,"minecraft:jump":3240,"minecraft:walk_on_water_one_cm":9452,"minecraft:total_world_time":164590,"minecraft:interact_with_furnace":126,"minecraft:sleep_in_bed":4,"minecraft:time_since_rest":4025,"minecraft:damage_taken":1451,"minecraft:damage_dealt":7199,"minecraft:swim_one_cm":3084,"minecraft:fly_one_cm":411203,"minecraft:open_chest":8,"minecraft:crouch_one_cm":41381,"minecraft:interact_with_smoker":35,"minecraft:fall_one_cm":92491},"minecraft:dropped":{"born_in_chaos_v1:intoxicating_decoction":3,"minecraft:porkchop":1,"minecraft:wheat_seeds":9,"minecraft:crafting_table":1,"minecraft:cooked_porkchop":2,"minecraft:iron_helmet":2,"minecraft:feather":10,"minecraft:cobblestone":52,"man:cassette_1safetyinstructions":1,"minecraft:stick":5,"minecraft:dirt":4,"minecraft:gray_wool":1,"minecraft:torch":1,"minecraft:wooden_axe":1,"minecraft:iron_leggings":2,"minecraft:iron_axe":3,"minecraft:stone_axe":1,"minecraft:cooked_chicken":2,"minecraft:coarse_dirt":10,"minecraft:iron_boots":3,"minecraft:cooked_mutton":3,"minecraft:carrot":1,"minecraft:shield":2,"born_in_chaos_v1:seedof_chaos":1,"minecraft:iron_chestplate":1,"born_in_chaos_v1:corpse_maggot":3,"minecraft:wooden_pickaxe":5,"minecraft:stone_pickaxe":1},"minecraft:used":{"minecraft:stone_sword":38,"minecraft:iron_shovel":40,"minecraft:chest":3,"minecraft:cooked_chicken":9,"minecraft:iron_chestplate":1,"minecraft:oak_door":5,"minecraft:torch":109,"minecraft:dirt":41,"minecraft:carrot":5,"minecraft:granite":5,"minecraft:wooden_axe":40,"minecraft:iron_axe":63,"minecraft:iron_helmet":1,"minecraft:iron_boots":1,"minecraft:bamboo":45,"minecraft:furnace":12,"minecraft:oak_sapling":1,"minecraft:cooked_beef":5,"minecraft:iron_leggings":1,"minecraft:cooked_mutton":4,"minecraft:water_bucket":15,"minecraft:diorite":5,"minecraft:stone_pickaxe":624,"minecraft:wooden_pickaxe":42,"minecraft:crafting_table":8,"minecraft:crossbow":1,"minecraft:white_bed":4,"minecraft:smoker":3,"minecraft:iron_pickaxe":321,"minecraft:gravel":1,"minecraft:stone_axe":55,"minecraft:cobblestone":250,"minecraft:cooked_porkchop":3,"minecraft:bucket":16,"minecraft:coarse_dirt":1,"minecraft:gray_wool":1,"minecraft:bone_meal":15},"minecraft:crafted":{"minecraft:oak_door":3,"minecraft:smooth_stone":15,"minecraft:oak_planks":140,"minecraft:cooked_chicken":16,"minecraft:furnace":9,"minecraft:stone":15,"minecraft:bone_meal":15,"minecraft:cooked_mutton":7,"minecraft:iron_boots":3,"minecraft:iron_axe":3,"minecraft:stone_pickaxe":4,"minecraft:chest":2,"minecraft:smoker":1,"minecraft:cooked_beef":4,"minecraft:cooked_porkchop":5,"minecraft:crafting_table":4,"minecraft:wooden_pickaxe":2,"minecraft:iron_helmet":3,"minecraft:bucket":1,"minecraft:stone_axe":2,"minecraft:air":0,"minecraft:iron_chestplate":2,"minecraft:charcoal":8,"minecraft:shield":3,"minecraft:stick":56,"minecraft:iron_ingot":163,"minecraft:iron_pickaxe":2,"minecraft:wooden_axe":1,"minecraft:stone_sword":1,"minecraft:iron_shovel":1,"minecraft:iron_leggings":3,"minecraft:white_bed":4,"minecraft:torch":84,"minecraft:shears":1},"minecraft:picked_up":{"minecraft:crafting_table":5,"minecraft:coarse_dirt":11,"minecraft:chicken":23,"born_in_chaos_v1:seedof_chaos":1,"minecraft:wooden_pickaxe":3,"minecraft:iron_axe":1,"born_in_chaos_v1:intoxicating_decoction":3,"minecraft:beef":8,"minecraft:chest":1,"minecraft:egg":4,"minecraft:iron_boots":1,"minecraft:furnace":4,"minecraft:stick":7,"minecraft:raw_iron":157,"minecraft:oak_door":2,"minecraft:torch":26,"minecraft:porkchop":28,"minecraft:diorite":12,"born_in_chaos_v1:pieceofdarkmetal":1,"minecraft:arrow":1,"minecraft:rotten_flesh":3,"minecraft:mutton":27,"minecraft:white_wool":23,"minecraft:cobblestone":788,"born_in_chaos_v1:corpse_maggot":3,"minecraft:feather":31,"minecraft:cooked_beef":4,"minecraft:andesite":25,"minecraft:leather":4,"minecraft:smoker":2,"minecraft:oak_log":63,"minecraft:lapis_lazuli":9,"minecraft:dirt":75,"minecraft:bone":10,"minecraft:wheat_seeds":13,"minecraft:stone_pickaxe":3,"minecraft:iron_ingot":1,"minecraft:bamboo":62,"minecraft:oak_planks":3,"minecraft:cooked_porkchop":1,"minecraft:gravel":1,"minecraft:diamond":13,"minecraft:stone_axe":1,"minecraft:granite":6,"minecraft:gray_wool":2,"minecraft:oak_sapling":1,"minecraft:black_wool":1,"minecraft:coal":112},"minecraft:killed_by":{"minecraft:player":1},"minecraft:mined":{"minecraft:diamond_ore":12,"minecraft:deepslate_diamond_ore":1,"minecraft:oak_door":2,"biomesoplenty:desert_grass":3,"minecraft:granite":6,"biomesoplenty:bush":1,"minecraft:grass_block":42,"minecraft:furnace":4,"minecraft:iron_ore":153,"minecraft:andesite":25,"minecraft:bamboo":11,"minecraft:stone":614,"minecraft:smoker":2,"minecraft:crafting_table":3,"minecraft:torch":1,"minecraft:chest":1,"minecraft:tall_grass":5,"minecraft:cobblestone":38,"minecraft:lapis_ore":1,"minecraft:diorite":7,"minecraft:wall_torch":21,"minecraft:gray_wool":1,"minecraft:grass":65,"minecraft:oak_log":52,"minecraft:coal_ore":100,"minecraft:dirt":54,"minecraft:oak_leaves":1},"minecraft:broken":{"minecraft:stone_pickaxe":5,"minecraft:iron_pickaxe":1}},"DataVersion":3465}