{"stats":{"minecraft:custom":{"minecraft:time_since_rest":5939,"minecraft:play_time":5939,"minecraft:sprint_one_cm":16311,"minecraft:walk_one_cm":5141,"minecraft:drop":1,"minecraft:jump":141,"minecraft:time_since_death":5939,"minecraft:total_world_time":5939,"minecraft:interact_with_crafting_table":3,"minecraft:fall_one_cm":3309,"minecraft:fly_one_cm":44788},"minecraft:picked_up":{"minecraft:stick":2,"minecraft:crafting_table":1,"minecraft:spruce_log":12,"minecraft:sugar_cane":2,"minecraft:dirt":14,"minecraft:cobblestone":30},"minecraft:used":{"minecraft:stone_axe":10,"minecraft:crafting_table":1,"minecraft:wooden_pickaxe":30},"minecraft:crafted":{"minecraft:stone_sword":1,"minecraft:stone_axe":1,"minecraft:crafting_table":1,"minecraft:spruce_planks":24,"minecraft:stick":12,"minecraft:stone_pickaxe":1,"minecraft:wooden_pickaxe":1},"minecraft:mined":{"minecraft:grass_block":2,"minecraft:dirt":12,"minecraft:spruce_log":12,"minecraft:stone":30,"minecraft:sugar_cane":1,"minecraft:crafting_table":1},"minecraft:dropped":{"minecraft:wooden_pickaxe":1}},"DataVersion":3465}