{"stats":{"minecraft:mined":{"minecraft:smoker":2,"biomesoplenty:desert_grass":2,"minecraft:crafting_table":3,"minecraft:granite":6,"biomesoplenty:bush":1,"minecraft:grass_block":27,"minecraft:cobblestone":38,"minecraft:tall_grass":4,"minecraft:wall_torch":19,"minecraft:gray_wool":1,"minecraft:furnace":4,"minecraft:iron_ore":110,"minecraft:grass":58,"minecraft:oak_log":52,"minecraft:coal_ore":76,"minecraft:dirt":39,"minecraft:stone":435,"minecraft:oak_leaves":1},"minecraft:killed_by":{"minecraft:player":1},"minecraft:killed":{"born_in_chaos_v1:zombie_clown":1,"fight_or_die:springer":2,"minecraft:pig":13,"born_in_chaos_v1:decrepit_skeleton":1,"born_in_chaos_v1:maggot":2,"minecraft:sheep":23,"minecraft:skeleton":3,"minecraft:zombie":2,"minecraft:chicken":17,"born_in_chaos_v1:corpse_fly":3,"undead_revamp2:sucker":1,"minecraft:cow":4},"minecraft:broken":{"minecraft:stone_pickaxe":5},"minecraft:dropped":{"minecraft:stone_axe":1,"born_in_chaos_v1:intoxicating_decoction":3,"minecraft:porkchop":1,"minecraft:wheat_seeds":9,"minecraft:cooked_chicken":2,"minecraft:coarse_dirt":10,"minecraft:crafting_table":1,"minecraft:cooked_porkchop":2,"minecraft:iron_helmet":2,"minecraft:feather":10,"minecraft:cobblestone":52,"minecraft:iron_boots":3,"man:cassette_1safetyinstructions":1,"minecraft:cooked_mutton":3,"minecraft:carrot":1,"minecraft:stick":5,"minecraft:dirt":4,"minecraft:gray_wool":1,"minecraft:shield":2,"born_in_chaos_v1:seedof_chaos":1,"minecraft:iron_chestplate":1,"minecraft:wooden_axe":1,"born_in_chaos_v1:corpse_maggot":3,"minecraft:iron_leggings":2,"minecraft:iron_axe":3,"minecraft:stone_pickaxe":1,"minecraft:wooden_pickaxe":5},"minecraft:used":{"minecraft:water_bucket":15,"minecraft:cooked_mutton":4,"minecraft:diorite":5,"minecraft:iron_shovel":15,"minecraft:stone_sword":38,"minecraft:stone_pickaxe":624,"minecraft:wooden_pickaxe":42,"minecraft:cooked_chicken":7,"minecraft:iron_chestplate":1,"minecraft:torch":73,"minecraft:dirt":26,"minecraft:crafting_table":8,"minecraft:carrot":5,"minecraft:crossbow":1,"minecraft:white_bed":3,"minecraft:granite":5,"minecraft:smoker":3,"minecraft:wooden_axe":40,"minecraft:iron_axe":57,"minecraft:iron_pickaxe":25,"minecraft:iron_helmet":1,"minecraft:iron_boots":1,"minecraft:gravel":1,"minecraft:bamboo":19,"minecraft:stone_axe":47,"minecraft:cobblestone":218,"minecraft:oak_sapling":1,"minecraft:furnace":12,"minecraft:cooked_porkchop":3,"minecraft:bucket":16,"minecraft:iron_leggings":1,"minecraft:cooked_beef":5,"minecraft:coarse_dirt":1,"minecraft:gray_wool":1},"minecraft:custom":{"minecraft:interact_with_furnace":118,"minecraft:mob_kills":72,"minecraft:interact_with_crafting_table":36,"minecraft:damage_dealt_resisted":20,"minecraft:leave_game":2,"minecraft:time_since_death":113258,"minecraft:sleep_in_bed":1,"minecraft:time_since_rest":9974,"minecraft:sprint_one_cm":189552,"minecraft:damage_taken":1451,"minecraft:walk_one_cm":340559,"minecraft:drop":64,"minecraft:damage_dealt":7199,"minecraft:swim_one_cm":3084,"minecraft:fly_one_cm":381806,"minecraft:open_chest":1,"minecraft:crouch_one_cm":33399,"minecraft:play_time":132558,"minecraft:deaths":1,"minecraft:sneak_time":16722,"minecraft:walk_under_water_one_cm":3533,"minecraft:jump":2761,"minecraft:walk_on_water_one_cm":9452,"minecraft:total_world_time":132558,"minecraft:interact_with_smoker":35,"minecraft:fall_one_cm":85695},"minecraft:crafted":{"minecraft:cooked_beef":4,"minecraft:oak_planks":124,"minecraft:cooked_porkchop":5,"minecraft:crafting_table":4,"minecraft:iron_helmet":3,"minecraft:wooden_pickaxe":2,"minecraft:cooked_chicken":16,"minecraft:furnace":9,"minecraft:bucket":1,"minecraft:stone_axe":2,"minecraft:cooked_mutton":7,"minecraft:air":0,"minecraft:iron_chestplate":2,"minecraft:iron_boots":3,"minecraft:charcoal":8,"minecraft:shield":3,"minecraft:iron_axe":3,"minecraft:stick":48,"minecraft:iron_ingot":163,"minecraft:iron_pickaxe":1,"minecraft:stone_pickaxe":4,"minecraft:wooden_axe":1,"minecraft:stone_sword":1,"minecraft:iron_shovel":1,"minecraft:iron_leggings":3,"minecraft:white_bed":3,"minecraft:torch":52,"minecraft:shears":1,"minecraft:smoker":1},"minecraft:picked_up":{"born_in_chaos_v1:corpse_maggot":3,"minecraft:crafting_table":5,"minecraft:coarse_dirt":11,"minecraft:feather":31,"minecraft:cooked_beef":4,"minecraft:chicken":23,"born_in_chaos_v1:seedof_chaos":1,"minecraft:leather":4,"minecraft:wooden_pickaxe":3,"minecraft:smoker":2,"minecraft:oak_log":63,"minecraft:dirt":45,"minecraft:iron_axe":1,"born_in_chaos_v1:intoxicating_decoction":3,"minecraft:bone":10,"minecraft:wheat_seeds":13,"minecraft:iron_ingot":1,"minecraft:beef":8,"minecraft:stone_pickaxe":3,"minecraft:bamboo":24,"minecraft:furnace":4,"minecraft:oak_planks":3,"minecraft:iron_boots":1,"minecraft:egg":4,"minecraft:raw_iron":114,"minecraft:stick":7,"minecraft:cooked_porkchop":1,"minecraft:torch":23,"minecraft:gravel":1,"minecraft:porkchop":28,"minecraft:diorite":5,"born_in_chaos_v1:pieceofdarkmetal":1,"minecraft:arrow":1,"minecraft:rotten_flesh":3,"minecraft:stone_axe":1,"minecraft:granite":6,"minecraft:gray_wool":2,"minecraft:oak_sapling":1,"minecraft:black_wool":1,"minecraft:mutton":27,"minecraft:coal":88,"minecraft:cobblestone":609,"minecraft:white_wool":23}},"DataVersion":3465}