{"stats":{"minecraft:broken":{"minecraft:stone_pickaxe":1,"minecraft:stone_axe":5},"minecraft:killed_by":{"minecraft:creeper":1,"minecraft:skeleton":1,"minecraft:zombie":1},"minecraft:killed":{"minecraft:spider":5,"minecraft:skeleton":5,"minecraft:chicken":7,"minecraft:pig":8,"minecraft:zombie_villager":1,"minecraft:wandering_trader":1,"minecraft:creeper":2,"minecraft:sheep":4,"minecraft:trader_llama":3,"minecraft:pillager":4,"minecraft:zombie":20,"minecraft:villager":1,"minecraft:enderman":1,"minecraft:cow":3},"minecraft:custom":{"minecraft:interact_with_anvil":1,"minecraft:mob_kills":67,"minecraft:animals_bred":8,"minecraft:interact_with_crafting_table":48,"minecraft:bell_ring":17,"minecraft:leave_game":8,"minecraft:time_since_death":220901,"minecraft:climb_one_cm":4916,"minecraft:sprint_one_cm":735268,"minecraft:walk_one_cm":833786,"minecraft:damage_blocked_by_shield":1222,"minecraft:drop":225,"minecraft:talked_to_villager":203,"minecraft:play_time":347666,"minecraft:deaths":3,"minecraft:sneak_time":26511,"minecraft:walk_under_water_one_cm":11432,"minecraft:boat_one_cm":8643,"minecraft:jump":6091,"minecraft:interact_with_blast_furnace":1,"minecraft:walk_on_water_one_cm":30289,"minecraft:total_world_time":347666,"minecraft:interact_with_furnace":21,"minecraft:traded_with_villager":183,"minecraft:interact_with_stonecutter":1,"minecraft:sleep_in_bed":24,"minecraft:time_since_rest":8869,"minecraft:damage_taken":2910,"minecraft:damage_dealt":10988,"minecraft:player_kills":3,"minecraft:swim_one_cm":32897,"minecraft:fly_one_cm":1625386,"minecraft:open_chest":105,"minecraft:crouch_one_cm":79948,"minecraft:fall_one_cm":114326,"minecraft:interact_with_smoker":32,"minecraft:interact_with_smithing_table":1,"minecraft:horse_one_cm":366994},"minecraft:used":{"minecraft:oak_fence":53,"minecraft:stone_sword":12,"minecraft:ladder":17,"minecraft:chest":5,"minecraft:spruce_planks":169,"minecraft:shield":25,"minecraft:iron_sword":89,"minecraft:stone_hoe":70,"minecraft:cooked_chicken":7,"minecraft:torch":173,"minecraft:dirt":1118,"minecraft:anvil":1,"minecraft:white_carpet":6,"minecraft:spruce_stairs":82,"minecraft:carrot":55,"minecraft:stripped_spruce_log":6,"minecraft:glass":70,"minecraft:dark_oak_planks":5,"minecraft:wooden_axe":22,"minecraft:villager_spawn_egg":3,"minecraft:iron_axe":202,"minecraft:grass_block":3,"minecraft:oak_stairs":28,"minecraft:bow":9,"minecraft:hay_block":2,"minecraft:oak_sapling":11,"minecraft:goat_horn":3,"minecraft:furnace":3,"minecraft:egg":1,"minecraft:cobbled_deepslate":7,"minecraft:wheat_seeds":12,"minecraft:cooked_mutton":10,"minecraft:water_bucket":7,"minecraft:diorite":6,"minecraft:diamond_boots":1,"minecraft:spruce_door":6,"minecraft:baked_potato":1,"minecraft:birch_planks":40,"minecraft:oak_planks":215,"minecraft:stone_pickaxe":172,"minecraft:cartography_table":1,"minecraft:wooden_pickaxe":4,"minecraft:sugar_cane":97,"minecraft:fletching_table":4,"minecraft:blast_furnace":2,"minecraft:crafting_table":8,"minecraft:white_bed":9,"minecraft:spruce_log":277,"minecraft:smoker":3,"minecraft:birch_fence":26,"minecraft:oak_log":1,"minecraft:cornflower":1,"minecraft:oxeye_daisy":1,"minecraft:iron_pickaxe":244,"minecraft:pig_spawn_egg":5,"minecraft:lectern":6,"minecraft:spruce_trapdoor":12,"minecraft:deepslate":41,"minecraft:gravel":9,"minecraft:spruce_sapling":63,"minecraft:stone_axe":738,"minecraft:diamond_sword":97,"minecraft:cobblestone":70,"minecraft:cooked_porkchop":24,"minecraft:andesite":3,"minecraft:bucket":8,"minecraft:glass_pane":74,"minecraft:oak_boat":3,"minecraft:stripped_oak_log":326,"minecraft:bone_meal":12},"minecraft:dropped":{"minecraft:water_bucket":1,"minecraft:stone_hoe":1,"minecraft:birch_planks":8,"minecraft:emerald":12,"minecraft:wooden_axe":1,"minecraft:stone_sword":2,"minecraft:carrot":206,"minecraft:oak_sapling":1,"minecraft:wooden_pickaxe":3,"minecraft:cooked_rabbit":1},"minecraft:mined":{"minecraft:dark_oak_planks":1,"minecraft:spruce_planks":3,"minecraft:deepslate_diamond_ore":4,"minecraft:brewing_stand":2,"minecraft:spruce_trapdoor":1,"minecraft:ladder":8,"minecraft:dark_oak_fence":6,"minecraft:grass_block":7,"minecraft:spruce_leaves":137,"minecraft:large_fern":3,"minecraft:hay_block":4,"minecraft:spruce_sapling":2,"minecraft:furnace":1,"minecraft:carrots":2,"minecraft:iron_ore":74,"minecraft:cobbled_deepslate":1,"minecraft:andesite":8,"minecraft:stripped_spruce_log":2,"minecraft:deepslate_lapis_ore":7,"minecraft:fletching_table":2,"minecraft:deepslate_iron_ore":48,"minecraft:stone":93,"minecraft:deepslate_redstone_ore":1,"minecraft:smoker":2,"minecraft:spruce_door":1,"minecraft:cornflower":1,"minecraft:crafting_table":4,"minecraft:torch":3,"minecraft:short_grass":50,"minecraft:lectern":4,"minecraft:tall_grass":11,"minecraft:cobblestone":34,"minecraft:oak_planks":3,"minecraft:deepslate_gold_ore":26,"minecraft:lapis_ore":5,"minecraft:sugar_cane":128,"minecraft:diorite":4,"minecraft:wall_torch":12,"minecraft:birch_planks":2,"minecraft:birch_log":27,"minecraft:ice":25,"minecraft:spruce_log":402,"minecraft:oak_log":107,"minecraft:coal_ore":71,"minecraft:sunflower":1,"minecraft:gravel":11,"minecraft:dirt":13,"minecraft:cobweb":2,"minecraft:stonecutter":2,"minecraft:gold_ore":9,"minecraft:deepslate":21,"minecraft:oak_leaves":31,"minecraft:fern":1},"minecraft:picked_up":{"minecraft:wooden_axe":2,"minecraft:crafting_table":4,"minecraft:azure_bluet":2,"minecraft:chicken":13,"minecraft:ladder":8,"minecraft:lead":5,"minecraft:diamond_sword":1,"minecraft:wooden_pickaxe":2,"minecraft:cooked_rabbit":1,"minecraft:brewing_stand":2,"minecraft:shield":1,"minecraft:cornflower":1,"minecraft:string":7,"minecraft:iron_leggings":1,"minecraft:cobbled_deepslate":24,"minecraft:bucket":1,"minecraft:spruce_planks":12,"minecraft:beef":14,"minecraft:calcite":2,"minecraft:poppy":1,"minecraft:iron_pickaxe":2,"minecraft:lectern":4,"minecraft:sugar_cane":246,"minecraft:spruce_trapdoor":1,"minecraft:furnace":1,"minecraft:egg":2,"minecraft:stick":42,"minecraft:raw_iron":138,"minecraft:torch":32,"minecraft:porkchop":27,"minecraft:diorite":7,"minecraft:carrot":8,"minecraft:redstone":5,"minecraft:dark_oak_planks":1,"minecraft:stone_sword":2,"minecraft:arrow":41,"minecraft:rotten_flesh":10,"minecraft:diamond_boots":1,"minecraft:hay_block":4,"minecraft:mutton":7,"minecraft:white_wool":4,"minecraft:cobblestone":198,"minecraft:oxeye_daisy":2,"minecraft:birch_log":26,"minecraft:feather":7,"minecraft:water_bucket":1,"minecraft:andesite":5,"minecraft:leather":11,"minecraft:smoker":3,"minecraft:birch_planks":27,"minecraft:flint":2,"minecraft:oak_log":136,"minecraft:gunpowder":1,"minecraft:lapis_lazuli":79,"minecraft:dirt":20,"minecraft:bone":10,"minecraft:apple":1,"minecraft:bow":1,"minecraft:stonecutter":2,"minecraft:wheat_seeds":31,"minecraft:raw_gold":34,"minecraft:iron_ingot":2,"minecraft:stone_pickaxe":1,"minecraft:cooked_chicken":3,"minecraft:fletching_table":2,"minecraft:rabbit":1,"minecraft:oak_planks":3,"minecraft:cooked_porkchop":6,"minecraft:dandelion":1,"minecraft:gravel":9,"minecraft:stripped_spruce_log":2,"minecraft:spruce_sapling":63,"minecraft:spruce_log":399,"minecraft:spruce_door":1,"minecraft:spider_eye":1,"minecraft:diamond":4,"minecraft:stone_axe":1,"minecraft:iron_helmet":1,"minecraft:bread":4,"minecraft:emerald":12,"minecraft:oak_sapling":10,"minecraft:dark_oak_fence":5,"minecraft:coal":182},"minecraft:crafted":{"minecraft:oak_planks":420,"minecraft:cooked_chicken":7,"minecraft:furnace":1,"minecraft:bone_meal":12,"minecraft:white_carpet":3,"minecraft:cooked_mutton":10,"minecraft:glass":28,"minecraft:spruce_stairs":12,"minecraft:diamond_helmet":1,"minecraft:bow":1,"minecraft:diamond_leggings":3,"minecraft:ladder":12,"minecraft:stone_pickaxe":2,"minecraft:chest":2,"minecraft:diamond_boots":4,"minecraft:dark_oak_planks":20,"minecraft:stone_hoe":1,"minecraft:name_tag":2,"minecraft:cooked_rabbit":1,"minecraft:smoker":1,"minecraft:wheat":18,"minecraft:diamond_sword":1,"minecraft:arrow":32,"minecraft:emerald":141,"minecraft:cooked_porkchop":15,"minecraft:crafting_table":3,"minecraft:spruce_planks":472,"minecraft:baked_potato":1,"minecraft:wooden_pickaxe":1,"minecraft:iron_helmet":1,"minecraft:spruce_door":3,"minecraft:fletching_table":1,"minecraft:bucket":1,"minecraft:birch_planks":104,"minecraft:stone_axe":7,"minecraft:enchanted_book":1,"minecraft:bread":4,"minecraft:air":0,"minecraft:spruce_trapdoor":8,"minecraft:paper":198,"minecraft:shield":10,"minecraft:birch_fence":27,"minecraft:stick":1636,"minecraft:iron_ingot":21,"minecraft:chainmail_boots":12,"minecraft:iron_pickaxe":2,"minecraft:wooden_axe":1,"minecraft:stone_sword":1,"minecraft:iron_leggings":1,"minecraft:torch":92,"minecraft:diamond_chestplate":1}},"DataVersion":3953}