{"stats":{"minecraft:custom":{"minecraft:time_since_rest":17939,"minecraft:interact_with_furnace":2,"minecraft:sprint_one_cm":41135,"minecraft:damage_taken":20,"minecraft:walk_one_cm":18117,"minecraft:mob_kills":17,"minecraft:drop":11,"minecraft:damage_dealt":1480,"minecraft:swim_one_cm":34310,"minecraft:interact_with_crafting_table":6,"minecraft:talked_to_villager":1,"minecraft:fly_one_cm":84409,"minecraft:open_chest":1,"minecraft:crouch_one_cm":1267,"minecraft:play_time":17939,"minecraft:sneak_time":777,"minecraft:walk_under_water_one_cm":12900,"minecraft:jump":320,"minecraft:interact_with_smoker":5,"minecraft:walk_on_water_one_cm":9664,"minecraft:time_since_death":17939,"minecraft:total_world_time":17939,"minecraft:fall_one_cm":8408},"minecraft:killed":{"minecraft:salmon":15,"minecraft:rabbit":1,"minecraft:iron_golem":1},"minecraft:picked_up":{"minecraft:stick":2,"minecraft:crafting_table":2,"minecraft:salmon":15,"minecraft:potato":4,"minecraft:spruce_log":12,"minecraft:dirt":39,"minecraft:wheat_seeds":1,"minecraft:iron_ingot":5,"minecraft:bone_meal":3,"minecraft:poppy":2,"minecraft:rabbit":2,"minecraft:sugar_cane":2,"minecraft:coal":21,"minecraft:cobblestone":34,"minecraft:furnace":2},"minecraft:used":{"minecraft:stone_sword":34,"minecraft:stone_pickaxe":32,"minecraft:wooden_pickaxe":30,"minecraft:cooked_salmon":1,"minecraft:torch":5,"minecraft:stone_axe":15,"minecraft:dirt":18,"minecraft:crafting_table":3,"minecraft:furnace":1,"minecraft:cooked_rabbit":1,"minecraft:smoker":1},"minecraft:crafted":{"minecraft:crafting_table":1,"minecraft:spruce_planks":24,"minecraft:stick":12,"minecraft:wooden_pickaxe":1,"minecraft:stone_pickaxe":1,"minecraft:stone_sword":1,"minecraft:cooked_salmon":15,"minecraft:torch":12,"minecraft:stone_axe":1,"minecraft:cooked_rabbit":2,"minecraft:air":0,"minecraft:smoker":1},"minecraft:mined":{"minecraft:seagrass":1,"minecraft:furnace":2,"minecraft:wheat":1,"minecraft:spruce_log":12,"minecraft:crafting_table":2,"minecraft:grass":1,"minecraft:grass_block":7,"minecraft:potatoes":4,"minecraft:coal_ore":24,"minecraft:dirt":29,"minecraft:cobblestone":1,"minecraft:stone":34,"minecraft:sugar_cane":1},"minecraft:dropped":{"minecraft:cobblestone":8,"minecraft:spruce_log":2,"minecraft:wooden_pickaxe":1}},"DataVersion":3465}