{"stats":{"minecraft:crafted":{"minecraft:oak_planks":24,"minecraft:crafting_table":1,"minecraft:stick":8,"minecraft:wooden_axe":1},"minecraft:custom":{"minecraft:time_since_rest":8233,"minecraft:crouch_one_cm":106,"minecraft:play_time":8233,"minecraft:sprint_one_cm":25735,"minecraft:walk_one_cm":6085,"minecraft:sneak_time":375,"minecraft:walk_under_water_one_cm":140,"minecraft:mob_kills":5,"minecraft:jump":139,"minecraft:damage_dealt":340,"minecraft:leave_game":2,"minecraft:time_since_death":8233,"minecraft:walk_on_water_one_cm":401,"minecraft:total_world_time":8233,"minecraft:swim_one_cm":6349,"minecraft:interact_with_crafting_table":1,"minecraft:fall_one_cm":2626,"minecraft:fly_one_cm":30995},"minecraft:mined":{"minecraft:short_grass":7,"minecraft:oak_log":6,"minecraft:spruce_leaves":1,"minecraft:oak_leaves":3,"minecraft:crafting_table":1},"minecraft:killed":{"minecraft:sheep":2,"minecraft:chicken":2,"minecraft:cow":1},"minecraft:used":{"minecraft:wooden_axe":5,"minecraft:crafting_table":1,"minecraft:spruce_sapling":1},"minecraft:picked_up":{"minecraft:feather":1,"minecraft:crafting_table":1,"minecraft:chicken":2,"minecraft:leather":1,"minecraft:beef":1,"minecraft:oak_log":6,"minecraft:spruce_sapling":1,"minecraft:mutton":3,"minecraft:white_wool":2}},"DataVersion":3953}