{"stats":{"minecraft:used":{"minecraft:peony":1,"minecraft:stone_sword":71,"minecraft:iron_shovel":337,"minecraft:stone_shovel":35,"sophisticatedbackpacks:copper_backpack":1,"minecraft:chest":2,"minecraft:shield":13,"minecraft:iron_sword":96,"minecraft:cooked_chicken":1,"minecraft:netherrack":3,"minecraft:torch":93,"minecraft:dirt":561,"minecraft:glass":5,"minecraft:birch_door":6,"minecraft:music_disc_mellohi":1,"minecraft:netherite_shovel":982,"minecraft:iron_axe":224,"minecraft:stone_brick_stairs":2,"minecraft:bamboo":19,"minecraft:light_gray_wool":13,"croptopia:peach":26,"minecraft:bow":1,"minecraft:oak_sapling":46,"minecraft:furnace":1,"minecraft:gray_bed":2,"tombstone:gift":1,"minecraft:egg":9,"lucky:lucky_potion":1,"minecraft:cobbled_deepslate":15,"minecraft:wheat_seeds":153,"minecraft:cooked_mutton":12,"minecraft:water_bucket":61,"minecraft:stone_pickaxe":491,"minecraft:oak_planks":1,"minecraft:stonecutter":1,"minecraft:sand":3,"minecraft:crafting_table":8,"minecraft:white_bed":32,"minecraft:music_disc_strad":2,"minecraft:oak_log":21,"sophisticatedbackpacks:backpack":3,"minecraft:apple":15,"minecraft:bread":37,"minecraft:stone_axe":144,"minecraft:cobblestone":1328,"minecraft:stripped_oak_wood":1,"minecraft:andesite":18,"minecraft:bucket":62,"minecraft:birch_log":1,"minecraft:yellow_bed":1,"minecraft:jukebox":1},"minecraft:mined":{"minecraft:white_bed":16,"minecraft:mossy_cobblestone":2,"minecraft:cobblestone_stairs":1,"minecraft:spruce_trapdoor":1,"minecraft:grass_block":540,"minecraft:hay_block":6,"minecraft:iron_ore":40,"minecraft:andesite":119,"croptopia:apple_crop":1,"minecraft:deepslate_iron_ore":4,"minecraft:stripped_oak_log":2,"minecraft:bamboo":6,"lucky:lucky_block":10,"minecraft:stone":193,"sophisticatedbackpacks:backpack":1,"minecraft:red_bed":3,"minecraft:crafting_table":4,"minecraft:torch":1,"minecraft:calcite":8,"minecraft:poppy":1,"minecraft:tall_grass":101,"minecraft:cobblestone":15,"minecraft:slime_block":8,"minecraft:lapis_ore":3,"minecraft:wall_torch":2,"minecraft:amethyst_block":7,"minecraft:pink_petals":1,"minecraft:birch_log":23,"minecraft:wheat":1,"minecraft:gray_bed":2,"minecraft:birch_leaves":1,"minecraft:quartz_pillar":3,"minecraft:yellow_bed":1,"minecraft:stone_brick_stairs":2,"minecraft:grass":325,"minecraft:oak_log":141,"minecraft:coal_ore":30,"minecraft:gravel":4,"minecraft:sand":24,"minecraft:dirt":702,"minecraft:smooth_basalt":7,"minecraft:stonecutter":1,"minecraft:netherrack":5,"minecraft:oak_leaves":11,"minecraft:deepslate":22},"minecraft:custom":{"minecraft:mob_kills":32,"minecraft:interact_with_crafting_table":32,"minecraft:open_barrel":21,"minecraft:bell_ring":7,"minecraft:damage_dealt_resisted":323,"minecraft:leave_game":3,"minecraft:time_since_death":26359,"minecraft:climb_one_cm":2963,"minecraft:sprint_one_cm":1114667,"minecraft:walk_one_cm":1136438,"minecraft:damage_blocked_by_shield":780,"minecraft:drop":131,"minecraft:talked_to_villager":2,"minecraft:target_hit":1,"minecraft:play_time":353282,"minecraft:deaths":4,"minecraft:sneak_time":2866,"minecraft:walk_under_water_one_cm":25808,"minecraft:jump":5363,"minecraft:walk_on_water_one_cm":40086,"minecraft:total_world_time":353282,"minecraft:interact_with_furnace":38,"tombstone:raider_killed":3,"minecraft:play_record":3,"minecraft:sleep_in_bed":24,"minecraft:time_since_rest":6647,"minecraft:damage_taken":2780,"minecraft:damage_dealt":3545,"minecraft:swim_one_cm":80027,"minecraft:fly_one_cm":856492,"minecraft:open_chest":70,"minecraft:crouch_one_cm":7245,"tombstone:undead_killed":8,"minecraft:interact_with_smoker":8,"minecraft:fall_one_cm":141816},"minecraft:dropped":{"minecraft:bread":7,"minecraft:iron_sword":3,"minecraft:wheat_seeds":26,"minecraft:oak_log":49,"minecraft:mossy_cobblestone":2,"croptopia:orange":22,"minecraft:feather":4,"minecraft:cobblestone":256,"minecraft:amethyst_block":1,"lucky:lucky_potion":6,"minecraft:coal":1,"minecraft:dirt":154,"minecraft:torch":3,"minecraft:gold_nugget":1,"minecraft:string":1,"minecraft:tripwire_hook":1,"minecraft:white_wool":2,"minecraft:bone":3,"minecraft:gravel":2,"minecraft:obsidian":14,"minecraft:rotten_flesh":2,"minecraft:netherite_shovel":1,"minecraft:white_bed":6,"minecraft:bundle":1,"minecraft:andesite":80,"minecraft:arrow":2,"minecraft:netherrack":1},"minecraft:killed_by":{"minecraft:player":1,"minecraft:piglin_brute":1,"minecraft:creeper":1},"minecraft:broken":{"minecraft:iron_shovel":1,"minecraft:stone_pickaxe":3},"minecraft:killed":{"minecraft:spider":1,"minecraft:skeleton":3,"friendsandfoes:mauler":1,"minecraft:chicken":12,"minecraft:pig":3,"minecraft:creeper":1,"minecraft:sheep":3,"minecraft:pillager":3,"minecraft:zombie":5},"minecraft:crafted":{"minecraft:cherry_planks":4,"minecraft:oak_planks":48,"minecraft:stone_shovel":2,"minecraft:birch_wood":3,"minecraft:cooked_chicken":6,"minecraft:furnace":1,"minecraft:cooked_mutton":13,"minecraft:glass":6,"minecraft:iron_boots":1,"minecraft:stone_pickaxe":3,"minecraft:chest":2,"minecraft:birch_door":6,"minecraft:wheat":54,"minecraft:crafting_table":4,"minecraft:iron_helmet":1,"minecraft:iron_sword":2,"minecraft:bucket":1,"minecraft:birch_planks":40,"minecraft:stone_axe":1,"minecraft:bread":18,"minecraft:air":0,"minecraft:iron_chestplate":1,"minecraft:stick":16,"minecraft:iron_ingot":27,"minecraft:stone_sword":1,"minecraft:iron_shovel":1,"minecraft:iron_leggings":1,"minecraft:white_bed":16,"minecraft:torch":12,"minecraft:shears":1},"minecraft:picked_up":{"minecraft:crafting_table":4,"minecraft:music_disc_strad":3,"minecraft:chicken":12,"croptopia:peach":31,"minecraft:lead":2,"minecraft:enchanted_book":6,"minecraft:stone_brick_stairs":2,"minecraft:shield":1,"minecraft:amethyst_block":1,"minecraft:red_bed":3,"minecraft:string":2,"minecraft:iron_axe":1,"lucky:lucky_potion":11,"minecraft:cobbled_deepslate":22,"lucky:lucky_sword":1,"minecraft:calcite":3,"minecraft:light_gray_wool":13,"minecraft:spruce_trapdoor":1,"minecraft:egg":16,"minecraft:stick":27,"minecraft:raw_iron":47,"minecraft:jukebox":1,"minecraft:torch":111,"minecraft:music_disc_mellohi":2,"sophisticatedbackpacks:backpack":2,"minecraft:porkchop":6,"minecraft:netherite_shovel":2,"minecraft:cherry_log":1,"minecraft:arrow":2,"minecraft:rotten_flesh":4,"minecraft:peony":1,"minecraft:hay_block":6,"sophisticatedbackpacks:copper_backpack":2,"minecraft:obsidian":14,"minecraft:mutton":7,"minecraft:cobblestone":220,"minecraft:white_wool":126,"minecraft:stripped_oak_log":2,"minecraft:birch_log":22,"minecraft:pink_petals":1,"minecraft:feather":10,"minecraft:tripwire_hook":1,"minecraft:andesite":101,"minecraft:brown_wool":3,"minecraft:potato":1,"minecraft:oak_log":143,"minecraft:yellow_bed":1,"minecraft:lapis_lazuli":22,"minecraft:dirt":1405,"lucky:lucky_bow":1,"minecraft:bone":8,"minecraft:apple":27,"minecraft:stonecutter":1,"minecraft:bow":1,"minecraft:wheat_seeds":1305,"minecraft:stone_pickaxe":1,"minecraft:iron_ingot":7,"minecraft:cooked_chicken":1,"minecraft:stripped_oak_wood":1,"minecraft:bamboo":41,"minecraft:gray_bed":2,"minecraft:iron_sword":2,"minecraft:oak_planks":11,"minecraft:smooth_basalt":7,"minecraft:gravel":2,"minecraft:sand":17,"minecraft:white_bed":22,"minecraft:spectral_arrow":1,"minecraft:spider_eye":1,"minecraft:mossy_cobblestone":2,"minecraft:bundle":1,"croptopia:orange":42,"minecraft:oak_sapling":46,"minecraft:netherrack":4,"minecraft:black_wool":8,"minecraft:coal":26}},"DataVersion":3465}