{"stats":{"minecraft:killed":{"undead_revamp2:thewolf":1,"endofherobrine:silverfish":2,"fight_or_die:springer":13,"born_in_chaos_v1:restless_spirit":1,"minecraft:spider":2,"born_in_chaos_v1:siamese_skeletonsright":1,"undead_revamp2:theswarmer":2,"minecraft:skeleton":2,"minecraft:chicken":10,"fight_or_die:mutated_fox":1,"minecraft:pig":5,"fight_or_die:mutated_cow":1,"minecraft:creeper":1,"fight_or_die:mutated_enderman_head":1,"fight_or_die:mutated_villager":1,"undead_revamp2:thebidyupside":1,"minecraft:zombie":6,"born_in_chaos_v1:corpse_fly":1,"fight_or_die:mutated_player":2,"endofherobrine:chicken":1,"endofherobrine:cow":1,"arphex:spider_larvae":1,"fight_or_die:mutated_human_head":2,"fight_or_die:mutated_pig":1,"born_in_chaos_v1:maggot":4,"fight_or_die:mutated_human":11,"fight_or_die:mutated_sheep":1,"fight_or_die:shiller":5,"arphex:hornet_harbinger":3,"undead_revamp2:sucker":2,"fight_or_die:mutated_villager_head":1,"born_in_chaos_v1:baby_skeleton":4,"born_in_chaos_v1:swarmer":1,"undead_revamp2:the_moonflower":1,"born_in_chaos_v1:decrepit_skeleton":2},"minecraft:custom":{"minecraft:animals_bred":3,"minecraft:interact_with_crafting_table":86,"minecraft:open_barrel":27,"minecraft:leave_game":17,"minecraft:time_since_death":45973,"minecraft:sprint_one_cm":2433122,"minecraft:damage_blocked_by_shield":810,"minecraft:drop":366,"minecraft:play_noteblock":1,"minecraft:talked_to_villager":1,"minecraft:play_time":959463,"minecraft:deaths":24,"minecraft:jump":11118,"minecraft:walk_on_water_one_cm":59702,"minecraft:enchant_item":6,"minecraft:interact_with_furnace":70,"minecraft:sleep_in_bed":55,"minecraft:damage_dealt":14806,"minecraft:crouch_one_cm":30483,"minecraft:interact_with_smoker":11,"minecraft:mob_kills":98,"minecraft:damage_dealt_resisted":188,"minecraft:climb_one_cm":110210,"minecraft:walk_one_cm":3259509,"minecraft:sneak_time":12205,"minecraft:walk_under_water_one_cm":30307,"minecraft:boat_one_cm":212882,"minecraft:interact_with_blast_furnace":7,"minecraft:total_world_time":959463,"minecraft:tune_noteblock":2,"minecraft:interact_with_stonecutter":2,"minecraft:time_since_rest":4581,"minecraft:damage_taken":12858,"minecraft:swim_one_cm":77484,"minecraft:fly_one_cm":1249090,"minecraft:open_chest":130,"minecraft:fall_one_cm":248823},"minecraft:dropped":{"minecraft:iron_sword":2,"minecraft:birch_planks":1,"minecraft:cooked_beef":2,"minecraft:oak_log":12,"minecraft:crafting_table":1,"minecraft:cooked_porkchop":55,"minecraft:dirt":4,"minecraft:netherite_scrap":2,"minecraft:crimson_roots":2,"minecraft:bone_meal":1,"minecraft:iron_pickaxe":1,"minecraft:bone":5,"minecraft:gravel":2,"minecraft:stone_axe":3,"fight_or_die:rotten_brain":1,"minecraft:wheat":2,"born_in_chaos_v1:ethereal_spirit":3,"minecraft:rotten_flesh":50,"minecraft:oak_planks":14,"minecraft:stone_stairs":1,"minecraft:carrot":64,"minecraft:gunpowder":4,"born_in_chaos_v1:corpse_maggot":8,"biomesoplenty:wildflower":3,"born_in_chaos_v1:diamond_termite_shard":2,"fight_or_die:ripping_flesh":7,"minecraft:arrow":50,"born_in_chaos_v1:marigolds":3,"minecraft:bread":4,"born_in_chaos_v1:shattered_skull":2,"undead_revamp2:beespheromones":1,"minecraft:wheat_seeds":23,"minecraft:iron_helmet":2,"minecraft:cobblestone":126,"man:cassette_1safetyinstructions":1,"minecraft:granite":6,"minecraft:coal":32,"minecraft:stick":2,"minecraft:iron_trapdoor":1,"born_in_chaos_v1:fused_bone":4,"minecraft:iron_shovel":2,"dixtas_armory:stone_shortsword":1,"born_in_chaos_v1:rotten_fish":1,"minecraft:chicken":1,"minecraft:iron_boots":1,"minecraft:shield":1,"minecraft:iron_chestplate":1,"minecraft:diamond_pickaxe":2,"minecraft:andesite":10,"minecraft:diamond_boots":1,"minecraft:spruce_log":32,"minecraft:bow":2,"minecraft:stone_pickaxe":2,"minecraft:wooden_pickaxe":2,"minecraft:black_wool":1},"minecraft:used":{"minecraft:iron_shovel":785,"minecraft:ladder":35,"minecraft:oak_sign":3,"minecraft:chest":9,"minecraft:shield":13,"minecraft:iron_sword":256,"minecraft:grass":4,"minecraft:rotten_flesh":6,"minecraft:iron_chestplate":7,"minecraft:carrot":207,"minecraft:tuff":4,"minecraft:milk_bucket":2,"minecraft:birch_sapling":2,"minecraft:iron_helmet":11,"minecraft:birch_button":1,"minecraft:scaffolding":133,"minecraft:oak_sapling":14,"minecraft:egg":14,"minecraft:diorite":1,"minecraft:diamond_boots":1,"minecraft:stone_pickaxe":566,"minecraft:oak_planks":10,"minecraft:wooden_pickaxe":43,"minecraft:sugar_cane":4,"minecraft:oak_leaves":6,"minecraft:shears":22,"minecraft:lightning_rod":2,"minecraft:bread":104,"minecraft:iron_door":5,"minecraft:gravel":3,"minecraft:diamond_sword":96,"minecraft:andesite":8,"minecraft:oak_boat":4,"minecraft:tropical_fish_bucket":2,"minecraft:bone_meal":43,"minecraft:oak_fence":15,"minecraft:rose_bush":19,"minecraft:stone_sword":16,"minecraft:stone_shovel":407,"minecraft:spruce_planks":12,"minecraft:cooked_chicken":1,"born_in_chaos_v1:fried_maggot":6,"minecraft:netherrack":134,"minecraft:torch":98,"minecraft:dirt":869,"minecraft:spruce_stairs":10,"minecraft:cobblestone_wall":2,"minecraft:stone_stairs":10,"minecraft:golden_chestplate":2,"minecraft:oak_fence_gate":4,"minecraft:iron_hoe":391,"minecraft:wooden_axe":54,"minecraft:iron_block":37,"minecraft:iron_axe":455,"minecraft:birch_hanging_sign":2,"minecraft:iron_boots":7,"minecraft:barrel":3,"undead_revamp2:huntereye":1,"minecraft:bamboo":53,"minecraft:diamond_chestplate":3,"minecraft:glowstone":1,"minecraft:golden_carrot":1,"minecraft:cobbled_deepslate":150,"minecraft:iron_leggings":4,"minecraft:wheat_seeds":916,"minecraft:cooked_mutton":4,"minecraft:water_bucket":14,"minecraft:cobblestone_stairs":44,"minecraft:birch_planks":10,"minecraft:spruce_sign":3,"minecraft:beacon":1,"minecraft:crafting_table":14,"minecraft:white_bed":5,"minecraft:painting":2,"biomesoplenty:wildflower":20,"minecraft:spruce_log":51,"minecraft:oak_log":5,"minecraft:oak_button":2,"minecraft:iron_pickaxe":1681,"minecraft:spruce_sapling":50,"minecraft:stone_axe":177,"minecraft:cobblestone":736,"minecraft:white_banner":1,"minecraft:cooked_porkchop":21,"minecraft:bucket":16,"minecraft:diamond_leggings":1},"minecraft:crafted":{"minecraft:oak_planks":96,"minecraft:barrel":3,"minecraft:lightning_rod":1,"minecraft:stone":44,"minecraft:cobblestone_stairs":40,"minecraft:cooked_mutton":4,"minecraft:diamond_helmet":1,"minecraft:diamond_leggings":1,"minecraft:chest":5,"minecraft:oak_fence":15,"minecraft:oak_slab":6,"minecraft:cooked_porkchop":27,"minecraft:crafting_table":8,"minecraft:spruce_planks":44,"minecraft:wooden_pickaxe":2,"minecraft:iron_helmet":1,"minecraft:iron_chestplate":1,"minecraft:stick":144,"minecraft:iron_ingot":120,"minecraft:iron_pickaxe":7,"minecraft:stone_sword":1,"minecraft:golden_carrot":3,"minecraft:stone_shovel":3,"minecraft:bone_meal":27,"minecraft:stone_stairs":8,"minecraft:scaffolding":42,"minecraft:spruce_stairs":8,"dixtas_armory:stone_shortsword":1,"minecraft:iron_axe":2,"minecraft:ladder":27,"minecraft:iron_hoe":2,"born_in_chaos_v1:fried_maggot":6,"minecraft:stone_pickaxe":5,"minecraft:cobblestone_wall":36,"minecraft:diamond_boots":1,"minecraft:cooked_beef":2,"minecraft:diamond_sword":1,"minecraft:spruce_sign":3,"minecraft:iron_sword":2,"minecraft:bucket":1,"minecraft:glowstone":1,"minecraft:bread":118,"minecraft:air":0,"minecraft:oak_fence_gate":4,"minecraft:wooden_axe":1,"minecraft:iron_shovel":5,"minecraft:acacia_planks":16,"minecraft:torch":40,"minecraft:diamond_chestplate":2},"minecraft:picked_up":{"minecraft:iron_chestplate":16,"minecraft:wheat":571,"minecraft:iron_trapdoor":1,"minecraft:diamond_sword":3,"minecraft:birch_button":1,"born_in_chaos_v1:black_argillite":21,"minecraft:string":80,"minecraft:raw_copper":14,"minecraft:iron_leggings":16,"minecraft:oak_sign":3,"minecraft:diamond_leggings":4,"minecraft:cobbled_deepslate":474,"minecraft:gold_nugget":240,"minecraft:smooth_stone":2,"minecraft:bucket":7,"minecraft:spruce_planks":202,"minecraft:rose_bush":19,"minecraft:iron_pickaxe":16,"minecraft:iron_boots":19,"biomesoplenty:rose_quartz_block":2,"minecraft:stick":165,"born_in_chaos_v1:shattered_skull":19,"minecraft:torch":402,"minecraft:acacia_log":12,"minecraft:spruce_stairs":2,"minecraft:porkchop":8,"minecraft:lightning_rod":1,"minecraft:diorite":89,"minecraft:golden_chestplate":2,"minecraft:stone_sword":11,"born_in_chaos_v1:fried_maggot":6,"minecraft:rotten_flesh":148,"biomesoplenty:rose_quartz_chunk":12,"minecraft:iron_block":1,"dixtas_armory:stone_shortsword":10,"minecraft:cobblestone":1781,"minecraft:birch_log":86,"minecraft:feather":2,"fight_or_die:springer_fragment":1,"minecraft:iron_door":4,"minecraft:water_bucket":4,"minecraft:andesite":121,"minecraft:golden_leggings":1,"minecraft:beacon":1,"minecraft:tuff":36,"minecraft:flint":26,"undead_revamp2:huntereye":1,"minecraft:lapis_lazuli":148,"minecraft:dirt":1183,"born_in_chaos_v1:marigolds":3,"minecraft:bone":44,"minecraft:bow":12,"minecraft:wheat_seeds":1895,"minecraft:glowstone_dust":19,"minecraft:birch_hanging_sign":3,"minecraft:diamond_helmet":2,"minecraft:bamboo":218,"minecraft:oak_planks":270,"minecraft:cooked_porkchop":76,"minecraft:sand":1,"deep_dark_regrowth:cobbled_grimstone":3,"minecraft:fermented_spider_eye":4,"minecraft:dark_oak_log":36,"minecraft:barrel":1,"minecraft:iron_hoe":1,"minecraft:sugar":2,"minecraft:diamond":46,"minecraft:granite":66,"minecraft:grass":4,"minecraft:bone_meal":27,"minecraft:bread":507,"minecraft:oak_sapling":14,"born_in_chaos_v1:rotten_fish":3,"minecraft:netherrack":440,"minecraft:oak_leaves":46,"minecraft:crimson_roots":3,"minecraft:diamond_pickaxe":2,"minecraft:charcoal":6,"minecraft:crafting_table":13,"born_in_chaos_v1:diamond_termite_shard":6,"minecraft:chicken":7,"minecraft:ladder":8,"born_in_chaos_v1:seedof_chaos":3,"minecraft:wooden_pickaxe":2,"minecraft:shield":23,"minecraft:stone_stairs":5,"minecraft:iron_axe":15,"minecraft:netherite_scrap":2,"born_in_chaos_v1:intoxicating_decoction":8,"minecraft:iron_shovel":19,"biomesoplenty:black_sand":48,"minecraft:oak_boat":6,"minecraft:iron_nugget":30,"biomesoplenty:wildflower":55,"minecraft:sugar_cane":4,"minecraft:chest":4,"minecraft:birch_sapling":18,"minecraft:egg":19,"fight_or_die:ripping_flesh":28,"minecraft:raw_iron":434,"minecraft:stone":5,"fight_or_die:rotten_brain":4,"minecraft:note_block":1,"minecraft:carrot":438,"minecraft:arrow":62,"minecraft:stone_shovel":2,"minecraft:diamond_chestplate":3,"minecraft:shears":7,"minecraft:diamond_boots":3,"minecraft:gold_ingot":21,"minecraft:mutton":4,"minecraft:white_wool":1,"born_in_chaos_v1:fused_bone":18,"born_in_chaos_v1:corpse_maggot":20,"minecraft:leather":2,"minecraft:birch_planks":33,"minecraft:oak_log":98,"minecraft:ancient_debris":1,"minecraft:cobblestone_wall":102,"minecraft:gunpowder":4,"deep_dark_regrowth:stone_tiles":2,"minecraft:cobblestone_stairs":15,"minecraft:white_banner":1,"man:cassette_1safetyinstructions":2,"minecraft:iron_ingot":611,"minecraft:stone_pickaxe":14,"minecraft:cooked_chicken":1,"minecraft:iron_sword":28,"minecraft:scaffolding":441,"minecraft:milk_bucket":3,"born_in_chaos_v1:ethereal_spirit":21,"minecraft:quartz":25,"minecraft:gravel":16,"born_in_chaos_v1:dark_rod":7,"minecraft:spruce_sapling":61,"minecraft:white_bed":10,"minecraft:spruce_log":1210,"minecraft:spider_eye":3,"biomesoplenty:mahogany_log":1,"biomesoplenty:bramble":2,"minecraft:slime_ball":10,"minecraft:stone_axe":9,"undead_revamp2:beespheromones":3,"minecraft:iron_helmet":25,"minecraft:painting":2,"minecraft:gray_wool":1,"minecraft:oak_button":2,"minecraft:black_wool":2,"minecraft:coal":276},"minecraft:killed_by":{"arphex:spider_moth_dweller":1,"born_in_chaos_v1:nightmare_stalker":1,"minecraft:drowned":1,"man:managgresive":1,"minecraft:zombie":1,"minecraft:player":2,"fight_or_die:mutated_enderman":4,"fight_or_die:springer":5,"minecraft:skeleton":1,"cave_dweller:cave_dweller":1,"undead_revamp2:thebeartamer":1},"minecraft:mined":{"minecraft:dark_oak_planks":1,"minecraft:spruce_planks":7,"minecraft:white_bed":1,"minecraft:oak_sapling":3,"minecraft:cobblestone_stairs":3,"minecraft:granite":38,"biomesoplenty:bramble":1,"minecraft:grass_block":658,"biomesoplenty:rose_quartz_block":3,"minecraft:soul_soil":1,"minecraft:smooth_stone":2,"minecraft:glowstone":2,"fight_or_die:blood_splash1":9,"minecraft:cobbled_deepslate":22,"minecraft:iron_ore":195,"minecraft:fire":2,"minecraft:barrel":1,"minecraft:oak_sign":3,"minecraft:deepslate_brick_stairs":1,"biomesoplenty:wildflower":13,"minecraft:torch":4,"minecraft:note_block":1,"minecraft:chest":4,"minecraft:nether_quartz_ore":27,"minecraft:cobblestone":97,"minecraft:iron_door":4,"minecraft:wall_torch":6,"deep_dark_regrowth:stone_tiles":3,"minecraft:stone_stairs":2,"minecraft:birch_log":12,"minecraft:wheat":448,"biomesoplenty:large_rose_quartz_bud":6,"minecraft:grass":190,"minecraft:oak_log":66,"minecraft:dirt":370,"minecraft:netherrack":510,"minecraft:oak_leaves":62,"minecraft:deepslate":222,"minecraft:nether_gold_ore":21,"minecraft:diamond_ore":7,"minecraft:tuff":5,"deep_dark_regrowth:grimstone_7":1,"minecraft:deepslate_diamond_ore":3,"deep_dark_regrowth:grimstone_8":3,"biomesoplenty:desert_grass":42,"minecraft:dark_oak_log":9,"minecraft:ladder":7,"born_in_chaos_v1:black_argillite":9,"minecraft:crimson_roots":2,"minecraft:spruce_leaves":71,"minecraft:spruce_sapling":1,"minecraft:carrots":84,"minecraft:andesite":26,"minecraft:deepslate_iron_ore":44,"minecraft:bamboo":5,"minecraft:stone":787,"biomesoplenty:rose_quartz_cluster":3,"minecraft:podzol":12,"minecraft:scaffolding":62,"minecraft:soul_sand":1,"biomesoplenty:black_sand":12,"minecraft:crafting_table":7,"biomesoplenty:small_rose_quartz_bud":1,"minecraft:rose_bush":23,"minecraft:lightning_rod":1,"minecraft:tall_grass":2,"minecraft:copper_ore":1,"minecraft:diorite":61,"minecraft:spruce_stairs":3,"minecraft:birch_planks":1,"minecraft:coarse_dirt":5,"biomesoplenty:mahogany_log":1,"minecraft:spruce_log":315,"minecraft:birch_leaves":2,"fight_or_die:blood_splash2":16,"minecraft:coal_ore":116,"minecraft:gravel":9,"deep_dark_regrowth:grimstone_iron_ore":26,"minecraft:birch_hanging_sign":1,"minecraft:oak_button":1,"minecraft:iron_trapdoor":1},"minecraft:broken":{"minecraft:iron_shovel":3,"minecraft:stone_pickaxe":4,"minecraft:wooden_axe":1,"minecraft:stone_shovel":3,"minecraft:iron_hoe":1,"minecraft:iron_axe":1,"minecraft:iron_pickaxe":5}},"DataVersion":3465}