{"stats":{"minecraft:mined":{"minecraft:spruce_planks":5,"minecraft:white_bed":1,"minecraft:oak_sapling":3,"minecraft:cobblestone_stairs":2,"minecraft:granite":28,"minecraft:grass_block":616,"fight_or_die:blood_splash1":5,"minecraft:cobbled_deepslate":2,"minecraft:iron_ore":162,"minecraft:barrel":1,"minecraft:oak_sign":3,"biomesoplenty:wildflower":13,"minecraft:torch":4,"minecraft:chest":4,"minecraft:cobblestone":61,"minecraft:iron_door":4,"minecraft:wall_torch":1,"minecraft:stone_stairs":1,"minecraft:birch_log":12,"minecraft:wheat":436,"minecraft:grass":155,"minecraft:oak_log":66,"minecraft:dirt":355,"minecraft:oak_leaves":58,"minecraft:deepslate":139,"minecraft:diamond_ore":7,"minecraft:tuff":5,"deep_dark_regrowth:grimstone_7":1,"minecraft:deepslate_diamond_ore":3,"minecraft:dark_oak_log":9,"deep_dark_regrowth:grimstone_8":3,"biomesoplenty:desert_grass":33,"minecraft:ladder":3,"born_in_chaos_v1:black_argillite":9,"minecraft:spruce_leaves":71,"minecraft:spruce_sapling":1,"minecraft:carrots":16,"minecraft:andesite":23,"minecraft:deepslate_iron_ore":14,"minecraft:bamboo":5,"minecraft:stone":643,"minecraft:scaffolding":27,"minecraft:crafting_table":6,"minecraft:rose_bush":15,"minecraft:tall_grass":2,"minecraft:copper_ore":1,"minecraft:diorite":43,"minecraft:spruce_stairs":2,"minecraft:birch_planks":1,"minecraft:coarse_dirt":5,"minecraft:spruce_log":315,"minecraft:birch_leaves":2,"fight_or_die:blood_splash2":14,"minecraft:coal_ore":109,"minecraft:gravel":7,"deep_dark_regrowth:grimstone_iron_ore":26,"minecraft:oak_button":1},"minecraft:killed_by":{"arphex:spider_moth_dweller":1,"minecraft:drowned":1,"man:managgresive":1,"minecraft:zombie":1,"minecraft:player":1,"fight_or_die:mutated_enderman":3,"fight_or_die:springer":5,"minecraft:skeleton":1,"cave_dweller:cave_dweller":1,"undead_revamp2:thebeartamer":1},"minecraft:killed":{"undead_revamp2:thewolf":1,"endofherobrine:silverfish":2,"fight_or_die:springer":10,"minecraft:spider":2,"undead_revamp2:theswarmer":1,"minecraft:skeleton":2,"minecraft:chicken":7,"fight_or_die:mutated_fox":1,"minecraft:pig":5,"fight_or_die:mutated_cow":1,"minecraft:zombie":6,"born_in_chaos_v1:corpse_fly":1,"fight_or_die:mutated_player":2,"endofherobrine:cow":1,"fight_or_die:mutated_human_head":1,"born_in_chaos_v1:maggot":3,"fight_or_die:shiller":3,"fight_or_die:mutated_human":7,"undead_revamp2:sucker":2,"born_in_chaos_v1:swarmer":1,"undead_revamp2:the_moonflower":1,"born_in_chaos_v1:decrepit_skeleton":1},"minecraft:broken":{"minecraft:iron_shovel":2,"minecraft:stone_pickaxe":4,"minecraft:wooden_axe":1,"minecraft:stone_shovel":3,"minecraft:iron_hoe":1,"minecraft:iron_axe":1,"minecraft:iron_pickaxe":2},"minecraft:used":{"minecraft:iron_shovel":687,"minecraft:ladder":14,"minecraft:oak_sign":3,"minecraft:chest":9,"minecraft:shield":11,"minecraft:iron_sword":214,"minecraft:grass":4,"minecraft:rotten_flesh":6,"minecraft:iron_chestplate":7,"minecraft:carrot":39,"minecraft:tuff":4,"minecraft:milk_bucket":2,"minecraft:birch_sapling":2,"minecraft:iron_helmet":11,"minecraft:birch_button":1,"minecraft:scaffolding":69,"minecraft:oak_sapling":14,"minecraft:egg":12,"minecraft:stone_pickaxe":566,"minecraft:oak_planks":10,"minecraft:wooden_pickaxe":43,"minecraft:sugar_cane":4,"minecraft:oak_leaves":6,"minecraft:shears":22,"minecraft:bread":58,"minecraft:iron_door":5,"minecraft:gravel":1,"minecraft:bone_meal":43,"minecraft:oak_fence":15,"minecraft:rose_bush":12,"minecraft:stone_sword":16,"minecraft:stone_shovel":407,"minecraft:spruce_planks":12,"born_in_chaos_v1:fried_maggot":6,"minecraft:cooked_chicken":1,"minecraft:torch":44,"minecraft:dirt":803,"minecraft:spruce_stairs":10,"minecraft:stone_stairs":10,"minecraft:oak_fence_gate":4,"minecraft:iron_hoe":391,"minecraft:wooden_axe":54,"minecraft:iron_axe":455,"minecraft:iron_boots":7,"minecraft:barrel":3,"undead_revamp2:huntereye":1,"minecraft:bamboo":53,"minecraft:cobbled_deepslate":7,"minecraft:iron_leggings":4,"minecraft:wheat_seeds":906,"minecraft:cooked_mutton":4,"minecraft:water_bucket":14,"minecraft:cobblestone_stairs":42,"minecraft:birch_planks":1,"minecraft:spruce_sign":3,"minecraft:crafting_table":10,"minecraft:white_bed":3,"biomesoplenty:wildflower":20,"minecraft:spruce_log":51,"minecraft:oak_log":5,"minecraft:oak_button":2,"minecraft:iron_pickaxe":687,"minecraft:spruce_sapling":50,"minecraft:stone_axe":177,"minecraft:cobblestone":550,"minecraft:white_banner":1,"minecraft:cooked_porkchop":21,"minecraft:bucket":14},"minecraft:dropped":{"minecraft:iron_sword":1,"minecraft:cooked_beef":2,"minecraft:oak_log":12,"minecraft:crafting_table":1,"minecraft:cooked_porkchop":55,"minecraft:dirt":4,"minecraft:bone_meal":1,"minecraft:iron_pickaxe":1,"minecraft:bone":2,"minecraft:gravel":1,"minecraft:stone_axe":3,"minecraft:rotten_flesh":40,"minecraft:oak_planks":14,"minecraft:gunpowder":2,"born_in_chaos_v1:corpse_maggot":7,"biomesoplenty:wildflower":3,"born_in_chaos_v1:diamond_termite_shard":2,"fight_or_die:ripping_flesh":1,"minecraft:arrow":50,"born_in_chaos_v1:marigolds":3,"minecraft:bread":4,"born_in_chaos_v1:shattered_skull":2,"minecraft:wheat_seeds":23,"minecraft:iron_helmet":2,"minecraft:cobblestone":126,"man:cassette_1safetyinstructions":1,"minecraft:coal":32,"minecraft:iron_shovel":2,"dixtas_armory:stone_shortsword":1,"born_in_chaos_v1:rotten_fish":1,"minecraft:chicken":1,"minecraft:iron_boots":1,"minecraft:shield":1,"minecraft:iron_chestplate":1,"minecraft:diamond_pickaxe":2,"minecraft:andesite":9,"minecraft:diamond_boots":1,"minecraft:spruce_log":32,"minecraft:bow":1,"minecraft:stone_pickaxe":2,"minecraft:wooden_pickaxe":2,"minecraft:black_wool":1},"minecraft:custom":{"minecraft:animals_bred":3,"minecraft:interact_with_crafting_table":55,"minecraft:open_barrel":13,"minecraft:leave_game":10,"minecraft:time_since_death":3126,"minecraft:sprint_one_cm":1478084,"minecraft:damage_blocked_by_shield":550,"minecraft:drop":268,"minecraft:play_time":615900,"minecraft:deaths":20,"minecraft:jump":6785,"minecraft:walk_on_water_one_cm":35551,"minecraft:interact_with_furnace":46,"minecraft:sleep_in_bed":40,"minecraft:damage_dealt":10382,"minecraft:crouch_one_cm":17906,"minecraft:interact_with_smoker":11,"minecraft:mob_kills":64,"minecraft:damage_dealt_resisted":126,"minecraft:climb_one_cm":35386,"minecraft:walk_one_cm":2050646,"minecraft:sneak_time":6755,"minecraft:walk_under_water_one_cm":19965,"minecraft:boat_one_cm":115959,"minecraft:interact_with_blast_furnace":1,"minecraft:total_world_time":615900,"minecraft:time_since_rest":3167,"minecraft:damage_taken":8590,"minecraft:swim_one_cm":48050,"minecraft:fly_one_cm":730924,"minecraft:open_chest":48,"minecraft:fall_one_cm":143151},"minecraft:crafted":{"minecraft:oak_planks":96,"minecraft:barrel":3,"minecraft:stone":44,"minecraft:cobblestone_stairs":40,"minecraft:cooked_mutton":4,"minecraft:chest":5,"minecraft:oak_fence":15,"minecraft:oak_slab":6,"minecraft:cooked_porkchop":27,"minecraft:crafting_table":5,"minecraft:spruce_planks":44,"minecraft:iron_helmet":1,"minecraft:wooden_pickaxe":2,"minecraft:iron_chestplate":1,"minecraft:stick":80,"minecraft:iron_pickaxe":3,"minecraft:iron_ingot":54,"minecraft:stone_sword":1,"minecraft:stone_shovel":3,"minecraft:bone_meal":27,"minecraft:stone_stairs":8,"minecraft:scaffolding":42,"minecraft:spruce_stairs":8,"dixtas_armory:stone_shortsword":1,"minecraft:iron_axe":2,"minecraft:ladder":9,"minecraft:iron_hoe":2,"born_in_chaos_v1:fried_maggot":6,"minecraft:stone_pickaxe":5,"minecraft:cooked_beef":2,"minecraft:spruce_sign":3,"minecraft:iron_sword":2,"minecraft:bucket":1,"minecraft:bread":115,"minecraft:air":0,"minecraft:oak_fence_gate":4,"minecraft:wooden_axe":1,"minecraft:iron_shovel":3,"minecraft:acacia_planks":16,"minecraft:torch":40},"minecraft:picked_up":{"minecraft:iron_chestplate":16,"minecraft:wheat":554,"minecraft:birch_button":1,"born_in_chaos_v1:black_argillite":21,"minecraft:string":31,"minecraft:raw_copper":14,"minecraft:iron_leggings":16,"minecraft:oak_sign":3,"minecraft:cobbled_deepslate":335,"minecraft:bucket":6,"minecraft:spruce_planks":202,"minecraft:rose_bush":12,"minecraft:iron_pickaxe":9,"minecraft:iron_boots":17,"minecraft:stick":163,"born_in_chaos_v1:shattered_skull":12,"minecraft:torch":270,"minecraft:acacia_log":12,"minecraft:spruce_stairs":2,"minecraft:porkchop":8,"minecraft:diorite":65,"born_in_chaos_v1:fried_maggot":6,"minecraft:stone_sword":11,"minecraft:rotten_flesh":134,"dixtas_armory:stone_shortsword":10,"minecraft:cobblestone":1466,"minecraft:birch_log":86,"minecraft:feather":2,"minecraft:iron_door":4,"minecraft:water_bucket":4,"minecraft:andesite":41,"minecraft:golden_leggings":1,"minecraft:flint":6,"minecraft:tuff":4,"undead_revamp2:huntereye":1,"minecraft:lapis_lazuli":56,"minecraft:dirt":1133,"born_in_chaos_v1:marigolds":3,"minecraft:bone":39,"minecraft:bow":11,"minecraft:wheat_seeds":1708,"minecraft:birch_hanging_sign":2,"minecraft:bamboo":218,"minecraft:oak_planks":212,"minecraft:cooked_porkchop":76,"deep_dark_regrowth:cobbled_grimstone":3,"minecraft:fermented_spider_eye":3,"minecraft:dark_oak_log":36,"minecraft:barrel":1,"minecraft:iron_hoe":1,"minecraft:diamond":44,"minecraft:granite":27,"minecraft:grass":4,"minecraft:bone_meal":27,"minecraft:bread":477,"minecraft:oak_sapling":14,"born_in_chaos_v1:rotten_fish":3,"minecraft:oak_leaves":46,"minecraft:diamond_pickaxe":2,"minecraft:crafting_table":12,"minecraft:charcoal":6,"born_in_chaos_v1:diamond_termite_shard":5,"minecraft:chicken":7,"minecraft:ladder":5,"born_in_chaos_v1:seedof_chaos":3,"minecraft:wooden_pickaxe":2,"minecraft:shield":19,"minecraft:iron_axe":15,"minecraft:stone_stairs":2,"born_in_chaos_v1:intoxicating_decoction":8,"minecraft:iron_shovel":18,"minecraft:iron_nugget":10,"biomesoplenty:wildflower":55,"minecraft:sugar_cane":4,"minecraft:chest":4,"minecraft:birch_sapling":18,"minecraft:egg":16,"fight_or_die:ripping_flesh":21,"minecraft:raw_iron":258,"minecraft:carrot":37,"minecraft:arrow":62,"minecraft:stone_shovel":2,"minecraft:shears":6,"minecraft:diamond_boots":1,"minecraft:mutton":4,"minecraft:white_wool":1,"born_in_chaos_v1:fused_bone":14,"born_in_chaos_v1:corpse_maggot":19,"minecraft:birch_planks":17,"minecraft:oak_log":98,"minecraft:gunpowder":2,"minecraft:cobblestone_stairs":12,"minecraft:white_banner":1,"man:cassette_1safetyinstructions":2,"minecraft:iron_ingot":578,"minecraft:stone_pickaxe":14,"minecraft:cooked_chicken":1,"minecraft:iron_sword":19,"minecraft:scaffolding":326,"minecraft:milk_bucket":3,"born_in_chaos_v1:ethereal_spirit":17,"minecraft:gravel":9,"born_in_chaos_v1:dark_rod":7,"minecraft:spruce_sapling":61,"minecraft:white_bed":8,"minecraft:spruce_log":1210,"minecraft:spider_eye":3,"minecraft:slime_ball":10,"minecraft:stone_axe":9,"minecraft:iron_helmet":23,"minecraft:gray_wool":1,"minecraft:oak_button":2,"minecraft:black_wool":2,"minecraft:coal":234}},"DataVersion":3465}