{"stats":{"minecraft:mined":{"biomesoplenty:wildflower":1,"biomesoplenty:desert_grass":1,"minecraft:crafting_table":4,"minecraft:granite":11,"minecraft:grass_block":125,"minecraft:copper_ore":1,"minecraft:cobblestone":25,"minecraft:spruce_leaves":2,"minecraft:diorite":28,"minecraft:wall_torch":1,"minecraft:coarse_dirt":5,"minecraft:iron_ore":111,"minecraft:spruce_log":2,"minecraft:andesite":16,"minecraft:grass":14,"minecraft:oak_log":55,"minecraft:coal_ore":69,"minecraft:gravel":1,"minecraft:dirt":46,"minecraft:stone":284,"minecraft:oak_leaves":16},"minecraft:killed_by":{"man:managgresive":1,"minecraft:skeleton":1},"minecraft:killed":{"fight_or_die:springer":3,"minecraft:pig":2,"undead_revamp2:theswarmer":1,"born_in_chaos_v1:decrepit_skeleton":1,"minecraft:chicken":1,"undead_revamp2:sucker":2},"minecraft:broken":{"minecraft:stone_pickaxe":3,"minecraft:wooden_axe":1,"minecraft:stone_shovel":1},"minecraft:dropped":{"minecraft:cooked_beef":2,"minecraft:oak_log":10,"minecraft:crafting_table":1,"minecraft:cooked_porkchop":1,"minecraft:iron_helmet":1,"minecraft:chicken":1,"minecraft:cobblestone":64,"minecraft:rotten_flesh":2,"minecraft:oak_planks":14,"man:cassette_1safetyinstructions":1,"minecraft:shield":1,"born_in_chaos_v1:corpse_maggot":3,"minecraft:wooden_pickaxe":2,"minecraft:stone_pickaxe":2,"minecraft:black_wool":1,"minecraft:bone":2},"minecraft:used":{"minecraft:cooked_mutton":4,"minecraft:water_bucket":3,"minecraft:stone_sword":16,"minecraft:iron_shovel":41,"minecraft:stone_pickaxe":507,"minecraft:stone_shovel":137,"minecraft:oak_planks":9,"minecraft:wooden_pickaxe":43,"minecraft:iron_sword":12,"minecraft:torch":16,"minecraft:dirt":70,"minecraft:crafting_table":6,"biomesoplenty:wildflower":1,"minecraft:wooden_axe":54,"minecraft:iron_axe":13,"minecraft:iron_helmet":1,"undead_revamp2:huntereye":1,"minecraft:stone_axe":18,"minecraft:cobblestone":196,"minecraft:cooked_porkchop":4,"minecraft:bucket":4,"minecraft:iron_leggings":1},"minecraft:custom":{"minecraft:interact_with_furnace":41,"minecraft:mob_kills":12,"minecraft:interact_with_crafting_table":13,"minecraft:leave_game":1,"minecraft:time_since_death":88695,"minecraft:sleep_in_bed":1,"minecraft:time_since_rest":9974,"minecraft:sprint_one_cm":183312,"minecraft:walk_one_cm":403829,"minecraft:damage_taken":1421,"minecraft:drop":42,"minecraft:damage_dealt":1778,"minecraft:fly_one_cm":124902,"minecraft:crouch_one_cm":5120,"minecraft:play_time":131233,"minecraft:deaths":3,"minecraft:sneak_time":1620,"minecraft:walk_under_water_one_cm":2594,"minecraft:jump":1739,"minecraft:walk_on_water_one_cm":3995,"minecraft:total_world_time":131233,"minecraft:interact_with_smoker":3,"minecraft:fall_one_cm":41886},"minecraft:crafted":{"minecraft:cooked_beef":2,"minecraft:oak_planks":20,"minecraft:stone_shovel":1,"minecraft:cooked_porkchop":8,"minecraft:crafting_table":3,"minecraft:spruce_planks":8,"minecraft:iron_sword":1,"minecraft:wooden_pickaxe":2,"minecraft:bucket":1,"minecraft:air":0,"minecraft:cooked_mutton":4,"minecraft:stick":24,"minecraft:iron_ingot":54,"minecraft:iron_pickaxe":1,"minecraft:stone_pickaxe":5,"minecraft:wooden_axe":1,"minecraft:stone_sword":1,"minecraft:iron_shovel":1,"minecraft:torch":24},"minecraft:picked_up":{"minecraft:iron_chestplate":1,"born_in_chaos_v1:corpse_maggot":3,"minecraft:charcoal":6,"minecraft:crafting_table":6,"minecraft:andesite":15,"minecraft:chicken":2,"born_in_chaos_v1:seedof_chaos":3,"minecraft:golden_leggings":1,"minecraft:wooden_pickaxe":2,"minecraft:oak_log":60,"undead_revamp2:huntereye":1,"minecraft:shield":2,"minecraft:dirt":160,"minecraft:iron_axe":1,"minecraft:raw_copper":14,"man:cassette_1safetyinstructions":2,"minecraft:iron_leggings":1,"born_in_chaos_v1:intoxicating_decoction":2,"minecraft:bone":8,"minecraft:wheat_seeds":10,"minecraft:stone_pickaxe":4,"biomesoplenty:wildflower":1,"minecraft:oak_planks":109,"minecraft:iron_boots":1,"minecraft:stick":19,"minecraft:raw_iron":116,"born_in_chaos_v1:shattered_skull":2,"minecraft:cooked_porkchop":2,"minecraft:torch":20,"minecraft:gravel":1,"minecraft:porkchop":4,"minecraft:carrot":1,"minecraft:diorite":29,"minecraft:spruce_log":2,"minecraft:stone_sword":2,"minecraft:rotten_flesh":7,"minecraft:stone_shovel":2,"minecraft:stone_axe":2,"minecraft:iron_helmet":2,"minecraft:granite":11,"minecraft:gray_wool":1,"minecraft:black_wool":2,"minecraft:mutton":4,"minecraft:coal":124,"minecraft:white_wool":1,"minecraft:cobblestone":530}},"DataVersion":3465}