{"stats":{"minecraft:used":{"minecraft:oak_fence":12,"minecraft:rose_bush":12,"minecraft:stone_sword":16,"minecraft:iron_shovel":250,"minecraft:stone_shovel":137,"minecraft:shield":2,"minecraft:iron_sword":94,"minecraft:cooked_chicken":1,"minecraft:iron_chestplate":2,"minecraft:torch":26,"minecraft:dirt":148,"minecraft:carrot":4,"minecraft:iron_hoe":83,"minecraft:wooden_axe":54,"minecraft:iron_axe":49,"minecraft:iron_helmet":1,"undead_revamp2:huntereye":1,"minecraft:scaffolding":15,"minecraft:iron_leggings":1,"minecraft:wheat_seeds":68,"minecraft:cooked_mutton":4,"minecraft:water_bucket":4,"minecraft:cobblestone_stairs":34,"minecraft:stone_pickaxe":508,"minecraft:oak_planks":9,"minecraft:wooden_pickaxe":43,"minecraft:crafting_table":6,"biomesoplenty:wildflower":2,"minecraft:iron_pickaxe":202,"minecraft:stone_axe":18,"minecraft:cobblestone":334,"minecraft:cooked_porkchop":17,"minecraft:bucket":4},"minecraft:custom":{"minecraft:mob_kills":34,"minecraft:interact_with_crafting_table":20,"minecraft:damage_dealt_resisted":50,"minecraft:leave_game":3,"minecraft:time_since_death":3652,"minecraft:climb_one_cm":4967,"minecraft:sprint_one_cm":417517,"minecraft:walk_one_cm":813769,"minecraft:damage_blocked_by_shield":55,"minecraft:drop":77,"minecraft:play_time":232965,"minecraft:deaths":5,"minecraft:sneak_time":4343,"minecraft:walk_under_water_one_cm":2594,"minecraft:jump":2809,"minecraft:walk_on_water_one_cm":4180,"minecraft:total_world_time":232965,"minecraft:interact_with_furnace":41,"minecraft:sleep_in_bed":10,"minecraft:time_since_rest":3748,"minecraft:damage_taken":2649,"minecraft:damage_dealt":5256,"minecraft:fly_one_cm":220747,"minecraft:open_chest":9,"minecraft:crouch_one_cm":11798,"minecraft:interact_with_smoker":11,"minecraft:fall_one_cm":58723},"minecraft:mined":{"minecraft:cobblestone_stairs":2,"biomesoplenty:desert_grass":3,"minecraft:dark_oak_log":9,"minecraft:granite":11,"minecraft:grass_block":233,"minecraft:spruce_leaves":2,"minecraft:carrots":1,"fight_or_die:blood_splash1":1,"minecraft:iron_ore":112,"minecraft:andesite":16,"minecraft:stone":451,"biomesoplenty:wildflower":2,"minecraft:crafting_table":4,"minecraft:rose_bush":15,"minecraft:copper_ore":1,"minecraft:tall_grass":2,"minecraft:cobblestone":30,"minecraft:diorite":28,"minecraft:wall_torch":1,"minecraft:coarse_dirt":5,"minecraft:wheat":18,"minecraft:spruce_log":16,"fight_or_die:blood_splash2":1,"minecraft:grass":41,"minecraft:oak_log":55,"minecraft:coal_ore":97,"minecraft:gravel":1,"minecraft:dirt":143,"minecraft:oak_leaves":17},"minecraft:dropped":{"minecraft:wheat_seeds":1,"minecraft:cooked_beef":2,"minecraft:oak_log":10,"minecraft:crafting_table":1,"minecraft:cooked_porkchop":23,"minecraft:iron_helmet":1,"minecraft:cobblestone":64,"man:cassette_1safetyinstructions":1,"minecraft:dirt":4,"minecraft:bone":2,"minecraft:gravel":1,"minecraft:chicken":1,"minecraft:rotten_flesh":22,"minecraft:oak_planks":14,"minecraft:shield":1,"born_in_chaos_v1:corpse_maggot":5,"minecraft:wooden_pickaxe":2,"minecraft:stone_pickaxe":2,"minecraft:black_wool":1},"minecraft:killed_by":{"man:managgresive":1,"fight_or_die:springer":1,"minecraft:skeleton":1},"minecraft:picked_up":{"minecraft:charcoal":6,"minecraft:crafting_table":6,"minecraft:iron_chestplate":3,"minecraft:wheat":40,"minecraft:chicken":6,"born_in_chaos_v1:seedof_chaos":3,"minecraft:wooden_pickaxe":2,"minecraft:shield":4,"minecraft:string":3,"minecraft:iron_axe":3,"minecraft:raw_copper":14,"minecraft:iron_leggings":3,"born_in_chaos_v1:intoxicating_decoction":6,"minecraft:iron_shovel":2,"minecraft:bucket":2,"minecraft:rose_bush":12,"minecraft:iron_pickaxe":2,"biomesoplenty:wildflower":2,"minecraft:iron_boots":3,"minecraft:raw_iron":117,"fight_or_die:ripping_flesh":8,"minecraft:stick":19,"born_in_chaos_v1:shattered_skull":7,"minecraft:torch":23,"minecraft:acacia_log":12,"minecraft:porkchop":8,"minecraft:diorite":29,"minecraft:carrot":4,"born_in_chaos_v1:fried_maggot":6,"minecraft:stone_sword":4,"minecraft:arrow":2,"minecraft:rotten_flesh":35,"minecraft:stone_shovel":2,"minecraft:mutton":4,"minecraft:white_wool":1,"minecraft:cobblestone":783,"minecraft:birch_log":2,"born_in_chaos_v1:corpse_maggot":11,"minecraft:feather":2,"minecraft:andesite":15,"minecraft:golden_leggings":1,"minecraft:oak_log":78,"undead_revamp2:huntereye":1,"minecraft:cobblestone_stairs":2,"minecraft:dirt":545,"man:cassette_1safetyinstructions":2,"minecraft:bone":20,"minecraft:wheat_seeds":67,"minecraft:iron_ingot":86,"minecraft:stone_pickaxe":6,"minecraft:cooked_chicken":1,"minecraft:bamboo":88,"minecraft:iron_sword":2,"minecraft:oak_planks":112,"minecraft:scaffolding":3,"minecraft:cooked_porkchop":44,"born_in_chaos_v1:ethereal_spirit":2,"minecraft:gravel":1,"born_in_chaos_v1:dark_rod":3,"minecraft:spruce_log":37,"minecraft:dark_oak_log":27,"minecraft:stone_axe":4,"minecraft:iron_helmet":4,"minecraft:granite":11,"minecraft:gray_wool":1,"minecraft:black_wool":2,"minecraft:coal":151},"minecraft:broken":{"minecraft:stone_pickaxe":3,"minecraft:wooden_axe":1,"minecraft:stone_shovel":1},"minecraft:killed":{"undead_revamp2:thewolf":1,"fight_or_die:mutated_human_head":1,"endofherobrine:silverfish":1,"fight_or_die:springer":5,"undead_revamp2:theswarmer":1,"minecraft:skeleton":1,"fight_or_die:mutated_human":3,"minecraft:chicken":4,"undead_revamp2:sucker":2,"minecraft:pig":5,"born_in_chaos_v1:swarmer":1,"fight_or_die:mutated_cow":1,"born_in_chaos_v1:decrepit_skeleton":1,"minecraft:zombie":3,"born_in_chaos_v1:corpse_fly":1,"endofherobrine:cow":1},"minecraft:crafted":{"minecraft:oak_planks":36,"minecraft:stone_shovel":1,"minecraft:cobblestone_stairs":32,"minecraft:cooked_mutton":4,"minecraft:scaffolding":12,"born_in_chaos_v1:fried_maggot":6,"minecraft:iron_hoe":1,"minecraft:stone_pickaxe":5,"minecraft:oak_fence":12,"minecraft:cooked_beef":2,"minecraft:cooked_porkchop":27,"minecraft:crafting_table":3,"minecraft:spruce_planks":8,"minecraft:wooden_pickaxe":2,"minecraft:iron_sword":1,"minecraft:bucket":1,"minecraft:air":0,"minecraft:stick":32,"minecraft:iron_ingot":54,"minecraft:iron_pickaxe":1,"minecraft:wooden_axe":1,"minecraft:stone_sword":1,"minecraft:iron_shovel":1,"minecraft:torch":24}},"DataVersion":3465}