{"stats":{"minecraft:killed":{"minecraft:pig":4,"minecraft:zombie_villager":1,"minecraft:salmon":3,"minecraft:sheep":8,"minecraft:skeleton":2,"minecraft:zombie":6},"minecraft:used":{"minecraft:cherry_sapling":9,"minecraft:stone_sword":92,"minecraft:stone_pickaxe":508,"minecraft:wooden_pickaxe":22,"minecraft:iron_sword":4,"minecraft:torch":12,"minecraft:crafting_table":4,"minecraft:white_bed":1,"minecraft:tuff":14,"minecraft:shears":168,"minecraft:smoker":1,"minecraft:wooden_axe":14,"minecraft:bread":13,"minecraft:cherry_leaves":14,"minecraft:gravel":4,"minecraft:stone_axe":103,"minecraft:cobblestone":154,"minecraft:egg":1,"minecraft:cooked_beef":6,"minecraft:cobbled_deepslate":8,"minecraft:cherry_log":26},"minecraft:custom":{"minecraft:interact_with_furnace":2,"minecraft:mob_kills":24,"minecraft:interact_with_crafting_table":19,"minecraft:bell_ring":8,"minecraft:leave_game":3,"minecraft:time_since_death":119851,"minecraft:sleep_in_bed":2,"minecraft:time_since_rest":44158,"minecraft:sprint_one_cm":231361,"minecraft:damage_taken":1010,"minecraft:walk_one_cm":308274,"minecraft:drop":86,"minecraft:damage_dealt":2949,"minecraft:swim_one_cm":17793,"minecraft:fly_one_cm":122335,"minecraft:open_chest":10,"minecraft:crouch_one_cm":5075,"minecraft:play_time":119851,"minecraft:sneak_time":1629,"minecraft:walk_under_water_one_cm":8171,"minecraft:jump":1465,"minecraft:interact_with_blast_furnace":15,"minecraft:walk_on_water_one_cm":17509,"minecraft:total_world_time":119851,"minecraft:interact_with_smoker":5,"minecraft:fall_one_cm":27668},"minecraft:crafted":{"minecraft:crafting_table":2,"minecraft:iron_sword":1,"minecraft:furnace":1,"minecraft:birch_planks":20,"minecraft:stone_axe":1,"minecraft:bread":63,"minecraft:cooked_mutton":11,"minecraft:iron_boots":1,"minecraft:iron_chestplate":1,"minecraft:stick":12,"minecraft:iron_ingot":52,"minecraft:stone_pickaxe":4,"minecraft:stone_sword":1,"minecraft:iron_leggings":1,"minecraft:torch":12,"minecraft:shears":1,"minecraft:wheat":252,"minecraft:smoker":1},"minecraft:mined":{"minecraft:tuff":16,"minecraft:white_bed":1,"minecraft:smoker":1,"minecraft:cherry_log":64,"minecraft:cherry_sapling":1,"minecraft:oak_fence":2,"minecraft:crafting_table":3,"minecraft:granite":15,"minecraft:grass_block":1,"minecraft:tall_grass":5,"minecraft:cobblestone":5,"minecraft:pink_petals":6,"minecraft:hay_block":28,"minecraft:seagrass":1,"minecraft:tall_seagrass":1,"minecraft:furnace":1,"minecraft:birch_log":14,"minecraft:iron_ore":51,"minecraft:andesite":1,"minecraft:grass":5,"minecraft:coal_ore":55,"minecraft:deepslate_iron_ore":7,"minecraft:cherry_leaves":170,"minecraft:gravel":5,"minecraft:cobweb":13,"minecraft:stone":234,"minecraft:deepslate":143},"minecraft:broken":{"minecraft:stone_pickaxe":3,"minecraft:wooden_pickaxe":1},"minecraft:picked_up":{"minecraft:wooden_axe":1,"minecraft:birch_log":14,"minecraft:pink_petals":11,"minecraft:crafting_table":3,"minecraft:leather_chestplate":1,"minecraft:cooked_beef":7,"minecraft:andesite":1,"minecraft:cherry_leaves":155,"minecraft:salmon":3,"minecraft:wooden_pickaxe":2,"minecraft:smoker":1,"minecraft:birch_planks":14,"minecraft:flint":1,"minecraft:tuff":14,"minecraft:shield":1,"minecraft:string":16,"minecraft:wheat_seeds":1,"minecraft:cobbled_deepslate":139,"minecraft:iron_ingot":1,"minecraft:egg":1,"minecraft:furnace":1,"minecraft:raw_iron":61,"minecraft:stick":3,"minecraft:gravel":4,"minecraft:porkchop":9,"minecraft:cherry_log":56,"minecraft:white_bed":1,"minecraft:leather_helmet":1,"minecraft:stone_sword":1,"minecraft:rotten_flesh":6,"minecraft:hay_block":28,"minecraft:granite":12,"minecraft:cherry_sapling":10,"minecraft:mutton":10,"minecraft:coal":55,"minecraft:white_wool":8,"minecraft:cobblestone":296},"minecraft:dropped":{"minecraft:birch_planks":12,"minecraft:stone_sword":2,"minecraft:raw_iron":5,"minecraft:cherry_sapling":1,"minecraft:cobblestone":55,"minecraft:rotten_flesh":6,"minecraft:coal":5,"minecraft:pink_petals":3}},"DataVersion":3465}