{"stats":{"minecraft:picked_up":{"minecraft:crafting_table":8,"minecraft:wheat":25,"minecraft:azure_bluet":4,"minecraft:wooden_pickaxe":3,"minecraft:cooked_rabbit":2,"minecraft:shield":1,"minecraft:string":26,"minecraft:red_bed":1,"minecraft:cobbled_deepslate":209,"minecraft:bucket":2,"minecraft:poppy":1,"minecraft:sugar_cane":3,"minecraft:furnace":7,"minecraft:raw_iron":47,"minecraft:stick":11,"minecraft:torch":15,"minecraft:porkchop":41,"minecraft:diorite":19,"minecraft:carrot":55,"minecraft:stone_sword":5,"minecraft:arrow":3,"minecraft:stone_shovel":1,"minecraft:rotten_flesh":6,"minecraft:beetroot_seeds":3,"minecraft:hay_block":6,"minecraft:mutton":6,"minecraft:cobblestone":253,"minecraft:white_wool":5,"minecraft:birch_log":2,"minecraft:water_bucket":4,"minecraft:andesite":13,"minecraft:potato":15,"minecraft:birch_planks":8,"minecraft:flint":2,"minecraft:oak_log":15,"minecraft:chainmail_chestplate":5,"minecraft:dirt":243,"minecraft:bone":5,"minecraft:wheat_seeds":56,"minecraft:rabbit_hide":1,"minecraft:iron_ingot":5,"minecraft:stone_pickaxe":6,"minecraft:rabbit":2,"minecraft:iron_sword":1,"minecraft:stone_hoe":5,"minecraft:oak_planks":22,"minecraft:cooked_porkchop":39,"minecraft:dandelion":10,"minecraft:gravel":10,"minecraft:sand":2,"minecraft:stripped_spruce_log":1,"minecraft:spruce_sapling":8,"minecraft:spruce_log":28,"minecraft:diamond":1,"minecraft:stone_axe":1,"minecraft:iron_helmet":1,"minecraft:granite":1,"minecraft:bread":1,"minecraft:emerald":5,"minecraft:baked_potato":2,"minecraft:oak_sapling":1,"minecraft:coal":70,"minecraft:sunflower":111},"minecraft:mined":{"minecraft:tuff":46,"minecraft:deepslate_diamond_ore":1,"minecraft:granite":1,"minecraft:grass_block":169,"minecraft:spruce_leaves":18,"minecraft:oxeye_daisy":1,"minecraft:hay_block":6,"minecraft:furnace":6,"minecraft:carrots":10,"minecraft:iron_ore":43,"minecraft:andesite":6,"minecraft:stripped_spruce_log":1,"minecraft:azure_bluet":2,"minecraft:potatoes":5,"minecraft:packed_ice":1,"minecraft:stone":195,"minecraft:red_bed":1,"minecraft:dandelion":5,"minecraft:crafting_table":6,"minecraft:short_grass":159,"minecraft:poppy":1,"minecraft:cobblestone":12,"minecraft:tall_grass":10,"minecraft:wall_torch":1,"minecraft:diorite":20,"minecraft:birch_log":2,"minecraft:wheat":11,"minecraft:spruce_log":27,"minecraft:coal_ore":67,"minecraft:oak_log":15,"minecraft:sunflower":25,"minecraft:gravel":12,"minecraft:dirt":23,"minecraft:cobweb":21,"minecraft:oak_leaves":3,"minecraft:deepslate":211},"minecraft:killed_by":{"minecraft:creeper":2,"minecraft:spider":1,"minecraft:enderman":1,"minecraft:cave_spider":1,"minecraft:skeleton":2,"minecraft:zombie":2},"minecraft:killed":{"minecraft:cave_spider":1,"minecraft:spider":1,"minecraft:skeleton":4,"minecraft:pig":10,"minecraft:rabbit":1,"minecraft:sheep":5,"minecraft:zombie":5},"minecraft:broken":{"minecraft:stone_pickaxe":1,"minecraft:iron_pickaxe":1},"minecraft:used":{"minecraft:stone_sword":17,"minecraft:iron_shovel":134,"minecraft:stone_shovel":95,"minecraft:poppy":1,"minecraft:shield":15,"minecraft:iron_sword":118,"minecraft:stone_hoe":121,"minecraft:rotten_flesh":2,"minecraft:iron_chestplate":1,"minecraft:torch":37,"minecraft:dirt":158,"minecraft:carrot":26,"minecraft:iron_helmet":1,"minecraft:hay_block":5,"minecraft:oak_sapling":1,"minecraft:furnace":9,"minecraft:potato":6,"minecraft:beetroot_soup":1,"minecraft:wheat_seeds":43,"minecraft:water_bucket":5,"minecraft:diorite":4,"minecraft:stone_pickaxe":326,"minecraft:baked_potato":3,"minecraft:oak_planks":2,"minecraft:wooden_pickaxe":35,"minecraft:crafting_table":11,"minecraft:red_bed":1,"minecraft:bread":5,"minecraft:iron_pickaxe":250,"minecraft:spruce_sapling":5,"minecraft:stone_axe":80,"minecraft:cobblestone":43,"minecraft:cooked_porkchop":10,"minecraft:andesite":8,"minecraft:cooked_rabbit":2,"minecraft:bucket":4,"minecraft:dandelion":2},"minecraft:crafted":{"minecraft:oak_planks":40,"minecraft:stone_shovel":1,"minecraft:furnace":3,"minecraft:stone_pickaxe":4,"minecraft:stone_hoe":1,"minecraft:cooked_rabbit":2,"minecraft:wheat":9,"minecraft:cooked_porkchop":13,"minecraft:crafting_table":4,"minecraft:spruce_planks":88,"minecraft:wooden_pickaxe":3,"minecraft:baked_potato":5,"minecraft:iron_sword":3,"minecraft:birch_planks":8,"minecraft:stone_axe":2,"minecraft:air":0,"minecraft:bread":6,"minecraft:iron_chestplate":1,"minecraft:charcoal":3,"minecraft:shield":2,"minecraft:stick":48,"minecraft:iron_ingot":27,"minecraft:iron_pickaxe":1,"minecraft:stone_sword":4,"minecraft:iron_shovel":1,"minecraft:torch":40},"minecraft:dropped":{"minecraft:water_bucket":2,"minecraft:wheat_seeds":6,"minecraft:cobblestone":2,"minecraft:granite":1,"minecraft:dirt":1,"minecraft:sand":2,"minecraft:string":1,"minecraft:sugar_cane":3,"minecraft:stone_sword":2,"minecraft:rotten_flesh":4,"minecraft:azure_bluet":1,"minecraft:carrot":3,"minecraft:chainmail_chestplate":5,"minecraft:andesite":2,"minecraft:stone_pickaxe":2},"minecraft:custom":{"minecraft:mob_kills":28,"minecraft:animals_bred":1,"minecraft:interact_with_crafting_table":42,"minecraft:bell_ring":12,"minecraft:leave_game":7,"minecraft:time_since_death":1886,"minecraft:sprint_one_cm":600074,"minecraft:walk_one_cm":521147,"minecraft:damage_blocked_by_shield":885,"minecraft:drop":30,"minecraft:talked_to_villager":4,"minecraft:play_time":187990,"minecraft:deaths":10,"minecraft:sneak_time":1005,"minecraft:walk_under_water_one_cm":12143,"minecraft:jump":3477,"minecraft:interact_with_blast_furnace":5,"minecraft:walk_on_water_one_cm":21826,"minecraft:total_world_time":187990,"minecraft:interact_with_furnace":45,"minecraft:sleep_in_bed":6,"minecraft:time_since_rest":1924,"minecraft:damage_taken":4142,"minecraft:damage_dealt":3677,"minecraft:swim_one_cm":28215,"minecraft:player_kills":1,"minecraft:fly_one_cm":750669,"minecraft:open_chest":15,"minecraft:crouch_one_cm":2930,"minecraft:fall_one_cm":90790}},"DataVersion":3953}