{"stats":{"minecraft:picked_up":{"minecraft:birch_log":7,"minecraft:crafting_table":2,"minecraft:porkchop":2,"minecraft:oak_log":4,"minecraft:dirt":5,"minecraft:wheat_seeds":4,"minecraft:oak_sapling":1,"minecraft:cobblestone":11,"minecraft:egg":1},"minecraft:mined":{"minecraft:birch_log":7,"minecraft:crafting_table":2,"minecraft:short_grass":4,"minecraft:grass_block":6,"minecraft:oak_log":4,"minecraft:dirt":1,"minecraft:tall_grass":3,"minecraft:cobblestone":1,"minecraft:stone":11,"minecraft:oak_leaves":7},"minecraft:killed_by":{"minecraft:creeper":1,"minecraft:zombie":2},"minecraft:killed":{"minecraft:pig":1},"minecraft:used":{"minecraft:wooden_axe":21,"minecraft:stone_pickaxe":4,"minecraft:wooden_pickaxe":8,"minecraft:dirt":5,"minecraft:cobblestone":3,"minecraft:crafting_table":1,"minecraft:egg":1},"minecraft:crafted":{"minecraft:oak_planks":16,"minecraft:stick":8,"minecraft:wooden_pickaxe":1,"minecraft:stone_pickaxe":1,"minecraft:wooden_axe":1,"minecraft:stone_sword":1},"minecraft:custom":{"minecraft:time_since_rest":756,"minecraft:sprint_one_cm":36813,"minecraft:damage_taken":891,"minecraft:walk_one_cm":21647,"minecraft:mob_kills":1,"minecraft:damage_dealt":101,"minecraft:swim_one_cm":1437,"minecraft:interact_with_crafting_table":3,"minecraft:fly_one_cm":43942,"minecraft:crouch_one_cm":463,"minecraft:play_time":10147,"minecraft:deaths":3,"minecraft:sneak_time":79,"minecraft:walk_under_water_one_cm":235,"minecraft:jump":185,"minecraft:leave_game":2,"minecraft:walk_on_water_one_cm":242,"minecraft:time_since_death":717,"minecraft:total_world_time":10147,"minecraft:fall_one_cm":6796}},"DataVersion":3953}