{"stats":{"minecraft:mined":{"minecraft:granite":23,"minecraft:acacia_log":15,"minecraft:grass_block":1,"minecraft:magma_block":1,"minecraft:furnace":1,"minecraft:iron_ore":95,"minecraft:fire":1,"minecraft:deepslate_iron_ore":1,"minecraft:bamboo":2,"minecraft:stone":150,"minecraft:acacia_leaves":1,"biomesoplenty:wildflower":1,"minecraft:crafting_table":1,"minecraft:torch":3,"minecraft:emerald_ore":3,"minecraft:chest":1,"minecraft:copper_ore":3,"minecraft:tall_grass":1,"minecraft:cobblestone":47,"minecraft:diorite":1,"minecraft:wall_torch":8,"minecraft:gray_wool":1,"minecraft:coarse_dirt":5,"minecraft:grass":6,"minecraft:coal_ore":61,"minecraft:oak_log":34,"minecraft:gravel":4,"minecraft:dirt":12,"minecraft:netherrack":27,"minecraft:oak_leaves":3},"minecraft:killed_by":{"minecraft:skeleton":1,"cave_dweller:cave_dweller":1},"minecraft:killed":{"minecraft:spider":2,"minecraft:chicken":1,"born_in_chaos_v1:skeleton_thrasher":1,"minecraft:sheep":4,"born_in_chaos_v1:dread_hound":1,"born_in_chaos_v1:corpse_fly":1,"endofherobrine:sheep":1,"minecraft:cow":1},"minecraft:broken":{"minecraft:wooden_pickaxe":1,"minecraft:stone_pickaxe":2,"minecraft:wooden_axe":1},"minecraft:used":{"minecraft:shield":5,"minecraft:rotten_flesh":1,"minecraft:cooked_chicken":3,"minecraft:netherrack":5,"minecraft:torch":46,"minecraft:dirt":29,"minecraft:granite":24,"born_in_chaos_v1:corpse_maggot":5,"minecraft:wooden_axe":5,"minecraft:iron_axe":21,"minecraft:iron_helmet":1,"minecraft:light_gray_wool":1,"minecraft:furnace":1,"minecraft:cooked_beef":1,"minecraft:acacia_planks":10,"minecraft:iron_leggings":1,"minecraft:cooked_mutton":6,"minecraft:water_bucket":2,"minecraft:stone_pickaxe":301,"minecraft:oak_planks":1,"minecraft:wooden_pickaxe":48,"minecraft:iron_pickaxe":70,"minecraft:gravel":3,"minecraft:stone_axe":52,"minecraft:cobblestone":182,"minecraft:bucket":3,"minecraft:coarse_dirt":9,"minecraft:gray_wool":1},"minecraft:dropped":{"minecraft:iron_ingot":1,"born_in_chaos_v1:intoxicating_decoction":1,"minecraft:wheat_seeds":1,"minecraft:cooked_beef":4,"minecraft:feather":12,"minecraft:cobblestone":153,"minecraft:leather":2,"born_in_chaos_v1:monster_flesh":1,"minecraft:diorite":1,"minecraft:torch":1,"minecraft:white_wool":2,"minecraft:bone":2,"minecraft:stone_axe":1,"minecraft:coarse_dirt":5,"minecraft:raw_copper":2,"minecraft:chicken":10,"born_in_chaos_v1:corpse_maggot":1,"minecraft:golden_leggings":1,"minecraft:spider_eye":1,"minecraft:bamboo":24},"minecraft:custom":{"minecraft:mob_kills":13,"minecraft:interact_with_crafting_table":17,"minecraft:damage_dealt_resisted":25,"minecraft:leave_game":1,"minecraft:time_since_death":823,"minecraft:sprint_one_cm":114694,"minecraft:walk_one_cm":478862,"minecraft:damage_blocked_by_shield":230,"minecraft:drop":33,"minecraft:play_time":117668,"minecraft:deaths":6,"minecraft:sneak_time":6238,"minecraft:walk_under_water_one_cm":3642,"minecraft:jump":2545,"minecraft:walk_on_water_one_cm":9245,"minecraft:total_world_time":117668,"minecraft:interact_with_furnace":51,"minecraft:sleep_in_bed":1,"minecraft:time_since_rest":849,"minecraft:damage_taken":2499,"minecraft:damage_dealt":2111,"minecraft:player_kills":1,"minecraft:fly_one_cm":240946,"minecraft:swim_one_cm":4993,"minecraft:open_chest":1,"minecraft:crouch_one_cm":23684,"minecraft:interact_with_smoker":5,"minecraft:fall_one_cm":73626,"minecraft:horse_one_cm":1457},"minecraft:crafted":{"minecraft:oak_planks":32,"minecraft:cooked_chicken":1,"minecraft:furnace":1,"minecraft:cooked_mutton":4,"minecraft:stone_pickaxe":3,"minecraft:bucket":1,"minecraft:stone_axe":2,"minecraft:air":0,"minecraft:iron_chestplate":1,"minecraft:stick":38,"minecraft:iron_ingot":45,"minecraft:iron_pickaxe":1,"minecraft:acacia_planks":60,"minecraft:torch":64},"minecraft:picked_up":{"minecraft:wooden_axe":1,"minecraft:iron_chestplate":1,"minecraft:coarse_dirt":14,"minecraft:crafting_table":2,"minecraft:chicken":13,"minecraft:wooden_pickaxe":4,"minecraft:shield":4,"minecraft:string":1,"minecraft:raw_copper":2,"minecraft:iron_axe":3,"minecraft:iron_leggings":2,"born_in_chaos_v1:intoxicating_decoction":2,"minecraft:beef":9,"minecraft:iron_pickaxe":1,"minecraft:light_gray_wool":2,"minecraft:chest":3,"minecraft:iron_boots":3,"minecraft:furnace":1,"minecraft:stick":11,"minecraft:raw_iron":163,"minecraft:torch":66,"minecraft:acacia_log":30,"minecraft:porkchop":2,"minecraft:diorite":2,"born_in_chaos_v1:pieceofdarkmetal":3,"minecraft:arrow":7,"minecraft:rotten_flesh":13,"minecraft:golden_hoe":2,"minecraft:mutton":12,"minecraft:obsidian":8,"minecraft:white_wool":7,"minecraft:cobblestone":452,"born_in_chaos_v1:corpse_maggot":7,"minecraft:feather":26,"minecraft:cooked_beef":5,"born_in_chaos_v1:monster_flesh":1,"minecraft:leather":2,"minecraft:golden_leggings":1,"minecraft:flint":2,"minecraft:oak_log":38,"minecraft:dirt":32,"minecraft:cooked_mutton":4,"minecraft:bone":9,"minecraft:acacia_planks":49,"minecraft:wheat_seeds":4,"minecraft:stone_pickaxe":2,"minecraft:iron_ingot":30,"minecraft:cooked_chicken":3,"minecraft:bamboo":24,"minecraft:oak_planks":25,"minecraft:gravel":3,"minecraft:spider_eye":1,"minecraft:stone_axe":6,"minecraft:iron_helmet":2,"minecraft:granite":24,"minecraft:gray_wool":2,"minecraft:golden_horse_armor":1,"minecraft:emerald":6,"minecraft:netherrack":10,"minecraft:coal":93}},"DataVersion":3465}