{"stats":{"minecraft:used":{"minecraft:wheat_seeds":1,"minecraft:cooked_mutton":10,"minecraft:stone_sword":104,"born_in_chaos_v1:ethereal_spirit":1,"minecraft:iron_sword":9,"minecraft:cooked_chicken":7,"minecraft:torch":1,"minecraft:crafting_table":1,"minecraft:granite":1,"minecraft:iron_axe":58,"minecraft:iron_pickaxe":179,"minecraft:iron_boots":1,"minecraft:cobblestone":56,"minecraft:cooked_beef":4,"minecraft:iron_leggings":1},"minecraft:custom":{"minecraft:interact_with_furnace":3,"minecraft:mob_kills":28,"minecraft:interact_with_crafting_table":11,"minecraft:damage_dealt_resisted":45,"minecraft:time_since_death":26452,"minecraft:sleep_in_bed":3,"minecraft:climb_one_cm":3005,"minecraft:time_since_rest":26490,"minecraft:sprint_one_cm":215881,"minecraft:damage_taken":1720,"minecraft:walk_one_cm":98812,"minecraft:drop":20,"minecraft:damage_dealt":3715,"minecraft:fly_one_cm":195117,"minecraft:open_chest":16,"minecraft:crouch_one_cm":22795,"minecraft:play_time":53160,"minecraft:deaths":2,"minecraft:sneak_time":5505,"minecraft:jump":1066,"minecraft:total_world_time":53160,"minecraft:interact_with_smoker":11,"minecraft:fall_one_cm":27761},"minecraft:mined":{"biomesoplenty:desert_grass":7,"minecraft:crafting_table":1,"minecraft:granite":4,"minecraft:cobblestone":8,"minecraft:wall_torch":1,"minecraft:iron_ore":4,"fight_or_die:blood_splash2":2,"minecraft:grass":22,"minecraft:oak_log":52,"minecraft:stone":163,"minecraft:oak_leaves":3},"minecraft:dropped":{"minecraft:wheat_seeds":2,"minecraft:cobblestone":80,"minecraft:rotten_flesh":1,"minecraft:oak_planks":1,"minecraft:acacia_log":4,"minecraft:diamond_sword":1,"minecraft:shield":1,"minecraft:iron_chestplate":1,"born_in_chaos_v1:corpse_maggot":8,"fight_or_die:ripping_flesh":2,"minecraft:iron_pickaxe":1},"minecraft:killed_by":{"endofherobrine:cow":2},"minecraft:picked_up":{"born_in_chaos_v1:fused_bone":2,"minecraft:crafting_table":1,"born_in_chaos_v1:corpse_maggot":8,"minecraft:iron_chestplate":3,"minecraft:feather":7,"minecraft:cooked_beef":8,"minecraft:chicken":8,"minecraft:leather":9,"minecraft:diamond_sword":1,"minecraft:oak_log":52,"minecraft:shield":3,"minecraft:dirt":24,"minecraft:moss_carpet":8,"minecraft:iron_leggings":2,"minecraft:cooked_mutton":8,"minecraft:bone":1,"minecraft:wheat_seeds":4,"minecraft:beef":15,"minecraft:iron_ingot":24,"minecraft:stone_pickaxe":3,"minecraft:iron_pickaxe":3,"minecraft:light_gray_wool":1,"minecraft:bamboo":80,"minecraft:oak_planks":42,"minecraft:iron_boots":2,"minecraft:egg":1,"biomesoplenty:toadstool":2,"fight_or_die:ripping_flesh":3,"minecraft:stick":7,"minecraft:raw_iron":4,"minecraft:cooked_porkchop":6,"minecraft:acacia_log":4,"minecraft:torch":1,"born_in_chaos_v1:ethereal_spirit":3,"minecraft:porkchop":1,"minecraft:stone_sword":2,"minecraft:rotten_flesh":17,"minecraft:iron_helmet":2,"minecraft:granite":1,"minecraft:mutton":1,"minecraft:cobblestone":640},"minecraft:killed":{"fight_or_die:springer":2,"minecraft:pig":1,"born_in_chaos_v1:maggot":3,"minecraft:sheep":1,"fight_or_die:mutated_sheep":1,"minecraft:zombie":3,"born_in_chaos_v1:corpse_fly":2,"minecraft:chicken":8,"fight_or_die:mutated_player":1,"endofherobrine:sheep":1,"born_in_chaos_v1:siamese_skeletonsleft":1,"minecraft:cow":4},"minecraft:crafted":{"minecraft:cooked_beef":10,"minecraft:cooked_porkchop":1,"minecraft:crafting_table":1,"minecraft:cooked_chicken":10,"minecraft:iron_helmet":1,"minecraft:iron_sword":1,"minecraft:cooked_mutton":21,"minecraft:air":0,"minecraft:iron_chestplate":1,"minecraft:iron_boots":1,"minecraft:shield":1,"minecraft:iron_axe":1,"minecraft:stick":42,"minecraft:iron_pickaxe":1,"minecraft:iron_leggings":1,"minecraft:torch":28}},"DataVersion":3465}