{"stats":{"minecraft:custom":{"minecraft:time_since_rest":5465,"minecraft:crouch_one_cm":5950,"minecraft:play_time":5465,"minecraft:sprint_one_cm":1914,"minecraft:walk_one_cm":4435,"minecraft:sneak_time":2022,"minecraft:walk_under_water_one_cm":2493,"minecraft:drop":4,"minecraft:jump":20,"minecraft:time_since_death":5465,"minecraft:walk_on_water_one_cm":3281,"minecraft:total_world_time":5465,"minecraft:interact_with_crafting_table":1,"minecraft:fly_one_cm":710},"minecraft:picked_up":{"minecraft:clay_ball":4,"minecraft:torch":1,"minecraft:spruce_log":2,"minecraft:coal":11,"minecraft:cobblestone":77,"minecraft:dirt":1},"minecraft:used":{"minecraft:torch":1,"minecraft:dirt":1,"minecraft:cobblestone":3,"minecraft:stone_pickaxe":76},"minecraft:crafted":{"minecraft:spruce_planks":8,"minecraft:stick":4,"minecraft:stone_pickaxe":1},"minecraft:mined":{"minecraft:coal_ore":8,"minecraft:dirt":4,"minecraft:stone":68,"minecraft:clay":1},"minecraft:dropped":{"minecraft:clay_ball":4}},"DataVersion":3465}