{"stats":{"minecraft:killed_by":{"minecraft:creeper":2,"minecraft:player":1,"minecraft:spider":1,"minecraft:skeleton":1},"minecraft:broken":{"minecraft:iron_shovel":3,"minecraft:golden_shovel":1,"minecraft:stone_pickaxe":1,"minecraft:stone_axe":1,"minecraft:iron_axe":2,"minecraft:iron_pickaxe":2},"minecraft:killed":{"minecraft:spider":7,"minecraft:skeleton":19,"minecraft:chicken":7,"minecraft:pig":37,"minecraft:zombie_villager":1,"minecraft:iron_golem":1,"minecraft:creeper":3,"minecraft:sheep":16,"minecraft:zombie":24,"minecraft:cow":22},"minecraft:custom":{"minecraft:animals_bred":4,"minecraft:interact_with_crafting_table":84,"minecraft:open_barrel":1,"minecraft:bell_ring":13,"minecraft:leave_game":6,"minecraft:time_since_death":232647,"minecraft:sprint_one_cm":1908524,"minecraft:damage_blocked_by_shield":3773,"minecraft:drop":142,"minecraft:talked_to_villager":100,"minecraft:play_time":516013,"minecraft:deaths":13,"minecraft:jump":11157,"minecraft:walk_on_water_one_cm":28936,"minecraft:interact_with_furnace":12,"minecraft:traded_with_villager":86,"minecraft:sleep_in_bed":35,"minecraft:damage_dealt":20300,"minecraft:player_kills":1,"minecraft:crouch_one_cm":249113,"minecraft:interact_with_smoker":58,"minecraft:interact_with_smithing_table":3,"minecraft:mob_kills":139,"minecraft:climb_one_cm":218,"minecraft:walk_one_cm":755692,"minecraft:sneak_time":62496,"minecraft:walk_under_water_one_cm":11535,"minecraft:interact_with_blast_furnace":18,"minecraft:total_world_time":516013,"minecraft:pot_flower":1,"minecraft:time_since_rest":8896,"minecraft:damage_taken":84756,"minecraft:swim_one_cm":54084,"minecraft:fly_one_cm":2522887,"minecraft:open_chest":109,"minecraft:fall_one_cm":1061010},"minecraft:dropped":{"minecraft:cooked_porkchop":32,"minecraft:leather_helmet":1,"minecraft:emerald":2,"minecraft:flint":1,"minecraft:sunflower":1,"minecraft:white_wool":3,"minecraft:bone":12,"minecraft:sugar_cane":6,"minecraft:iron_nugget":6,"minecraft:yellow_wool":1,"minecraft:wheat":7,"minecraft:rotten_flesh":7,"minecraft:azure_bluet":3,"minecraft:chainmail_chestplate":8,"minecraft:poppy":1,"minecraft:leather_chestplate":1,"minecraft:gunpowder":1,"minecraft:spruce_pressure_plate":12,"minecraft:leather_boots":1,"minecraft:chainmail_boots":10,"minecraft:wheat_seeds":75,"minecraft:golden_helmet":1,"minecraft:apple":3,"minecraft:chainmail_helmet":1,"minecraft:stick":2,"minecraft:gray_wool":1,"minecraft:wooden_axe":1,"minecraft:oak_stairs":3,"minecraft:spruce_sapling":1,"minecraft:dandelion":1,"minecraft:stone_sword":1,"minecraft:tuff":1,"minecraft:stone_shovel":1,"minecraft:white_carpet":9,"minecraft:spruce_planks":1,"minecraft:diamond_pickaxe":2,"minecraft:spider_eye":1,"minecraft:wooden_pickaxe":1},"minecraft:used":{"minecraft:iron_shovel":840,"minecraft:spruce_slab":12,"minecraft:chest":26,"minecraft:shield":37,"minecraft:iron_sword":152,"minecraft:iron_chestplate":1,"minecraft:carrot":32,"minecraft:tuff":4,"minecraft:snowball":16,"minecraft:glass":1,"minecraft:lantern":9,"minecraft:birch_sapling":2,"minecraft:iron_helmet":1,"minecraft:red_carpet":28,"minecraft:furnace":4,"minecraft:oak_sapling":19,"minecraft:diorite":4,"minecraft:stone_pickaxe":255,"minecraft:oak_planks":71,"minecraft:wooden_pickaxe":38,"minecraft:leather_chestplate":1,"minecraft:composter":14,"minecraft:oak_leaves":28,"minecraft:white_wool":6,"minecraft:sand":17,"minecraft:blast_furnace":14,"minecraft:shears":54,"minecraft:cobbled_deepslate_stairs":79,"minecraft:bread":19,"minecraft:gravel":1,"minecraft:lilac":1,"minecraft:smithing_table":3,"minecraft:andesite":2,"minecraft:bone_meal":9,"minecraft:stone_sword":131,"minecraft:spruce_planks":35,"minecraft:cooked_chicken":7,"minecraft:torch":290,"minecraft:brewing_stand":1,"minecraft:dirt":549,"minecraft:wheat":53,"minecraft:spruce_stairs":155,"minecraft:golden_shovel":34,"minecraft:spruce_fence":23,"minecraft:granite":3,"minecraft:birch_door":2,"minecraft:iron_axe":624,"minecraft:oak_stairs":15,"minecraft:barrel":21,"minecraft:cooked_beef":38,"minecraft:cobbled_deepslate":32,"minecraft:wheat_seeds":210,"minecraft:cooked_mutton":19,"minecraft:water_bucket":38,"minecraft:cobblestone_stairs":1,"minecraft:birch_planks":263,"minecraft:baked_potato":22,"minecraft:cauldron":3,"minecraft:fletching_table":2,"minecraft:oak_slab":17,"minecraft:crafting_table":14,"minecraft:white_bed":13,"minecraft:painting":33,"minecraft:smoker":9,"minecraft:oak_log":159,"minecraft:diamond_pickaxe":394,"minecraft:apple":6,"minecraft:oxeye_daisy":1,"minecraft:sunflower":14,"minecraft:iron_pickaxe":500,"minecraft:spruce_pressure_plate":1,"minecraft:spruce_trapdoor":46,"minecraft:spruce_sapling":11,"minecraft:stone_axe":174,"minecraft:cobblestone":155,"minecraft:porkchop":1,"minecraft:cooked_porkchop":9,"minecraft:bucket":39,"minecraft:glass_pane":52,"minecraft:dandelion":1},"minecraft:mined":{"minecraft:dark_oak_planks":2,"minecraft:spruce_planks":3,"minecraft:white_bed":7,"minecraft:oak_sapling":1,"minecraft:cobbled_deepslate_stairs":1,"minecraft:cobblestone_stairs":1,"minecraft:brewing_stand":1,"minecraft:spruce_trapdoor":10,"minecraft:granite":28,"minecraft:grass_block":596,"minecraft:composter":14,"minecraft:magma_block":2,"minecraft:fire":2,"minecraft:iron_ore":139,"minecraft:barrel":5,"minecraft:fletching_table":2,"minecraft:deepslate_lapis_ore":17,"minecraft:water_cauldron":3,"minecraft:dirt_path":39,"minecraft:oak_stairs":5,"minecraft:spruce_pressure_plate":1,"minecraft:spruce_slab":2,"minecraft:deepslate_redstone_ore":13,"minecraft:smoker":7,"minecraft:torch":2,"minecraft:blast_furnace":14,"minecraft:poppy":16,"minecraft:chest":2,"minecraft:cobblestone":19,"minecraft:oak_planks":4,"minecraft:wall_torch":4,"minecraft:birch_log":90,"minecraft:yellow_wool":1,"minecraft:wheat":59,"minecraft:blue_ice":1,"minecraft:lilac":1,"minecraft:oak_log":312,"minecraft:loom":2,"minecraft:sand":64,"minecraft:dirt":110,"minecraft:oak_leaves":104,"minecraft:deepslate":170,"minecraft:red_carpet":4,"minecraft:tuff":5,"minecraft:deepslate_diamond_ore":22,"minecraft:spruce_leaves":83,"minecraft:hay_block":74,"minecraft:furnace":2,"minecraft:carrots":6,"minecraft:andesite":17,"minecraft:deepslate_iron_ore":52,"minecraft:lantern":1,"minecraft:stone":305,"minecraft:white_wool":6,"minecraft:smithing_table":3,"minecraft:oak_slab":8,"minecraft:light_gray_carpet":3,"minecraft:glass_pane":1,"minecraft:dandelion":2,"minecraft:crafting_table":8,"minecraft:short_grass":977,"minecraft:tall_grass":92,"minecraft:deepslate_coal_ore":8,"minecraft:lapis_ore":10,"minecraft:deepslate_gold_ore":13,"minecraft:diorite":1,"minecraft:spruce_stairs":18,"minecraft:birch_planks":36,"minecraft:white_carpet":9,"minecraft:spruce_log":142,"minecraft:birch_leaves":3,"minecraft:bee_nest":1,"minecraft:coal_ore":311,"minecraft:sunflower":1,"minecraft:gravel":6,"minecraft:gold_ore":1,"minecraft:fern":3},"minecraft:picked_up":{"minecraft:wooden_axe":2,"minecraft:iron_chestplate":1,"minecraft:wheat":61,"minecraft:yellow_wool":1,"minecraft:smithing_table":3,"minecraft:oak_stairs":5,"minecraft:brewing_stand":1,"minecraft:string":87,"minecraft:diamond_leggings":3,"minecraft:cobbled_deepslate":225,"minecraft:spruce_planks":62,"minecraft:iron_pickaxe":3,"minecraft:furnace":2,"minecraft:iron_boots":1,"minecraft:spruce_pressure_plate":1,"minecraft:stick":35,"minecraft:composter":14,"minecraft:torch":66,"minecraft:spruce_stairs":18,"minecraft:porkchop":92,"minecraft:diorite":5,"minecraft:cauldron":3,"minecraft:rotten_flesh":28,"minecraft:stone_sword":3,"minecraft:snowball":16,"minecraft:cobblestone":460,"minecraft:birch_log":90,"minecraft:magma_block":2,"minecraft:feather":14,"minecraft:lilac":1,"minecraft:water_bucket":2,"minecraft:andesite":19,"minecraft:smoker":7,"minecraft:potato":2,"minecraft:flint":1,"minecraft:tuff":7,"minecraft:lapis_lazuli":180,"minecraft:dirt":770,"minecraft:lantern":1,"minecraft:glass":44,"minecraft:bone":32,"minecraft:bow":8,"minecraft:wheat_seeds":298,"minecraft:raw_gold":14,"minecraft:fletching_table":2,"minecraft:oak_planks":104,"minecraft:cooked_porkchop":7,"minecraft:sand":141,"minecraft:loom":2,"minecraft:barrel":5,"minecraft:diamond":27,"minecraft:granite":29,"minecraft:bone_meal":9,"minecraft:emerald":12,"minecraft:oak_sapling":19,"minecraft:light_gray_carpet":3,"minecraft:oak_leaves":54,"minecraft:diamond_pickaxe":3,"minecraft:crafting_table":8,"minecraft:azure_bluet":3,"minecraft:chicken":7,"minecraft:shield":3,"minecraft:white_carpet":9,"minecraft:beef":60,"minecraft:poppy":17,"minecraft:iron_nugget":2,"minecraft:spruce_slab":4,"minecraft:sugar_cane":6,"minecraft:chest":2,"minecraft:birch_sapling":2,"minecraft:spruce_trapdoor":10,"minecraft:raw_iron":241,"minecraft:carrot":32,"minecraft:redstone":100,"minecraft:dark_oak_planks":2,"minecraft:arrow":46,"minecraft:stone_shovel":5,"minecraft:hay_block":74,"minecraft:mutton":27,"minecraft:white_wool":54,"minecraft:oxeye_daisy":1,"minecraft:leather":32,"minecraft:birch_planks":39,"minecraft:oak_log":320,"minecraft:cobbled_deepslate_stairs":1,"minecraft:gunpowder":4,"minecraft:cobblestone_stairs":1,"minecraft:red_carpet":4,"minecraft:apple":5,"minecraft:iron_ingot":50,"minecraft:stone_pickaxe":2,"minecraft:iron_sword":3,"minecraft:oak_slab":15,"minecraft:dandelion":3,"minecraft:gravel":5,"minecraft:spruce_sapling":12,"minecraft:blast_furnace":14,"minecraft:white_bed":7,"minecraft:spruce_log":167,"minecraft:spider_eye":4,"minecraft:leather_helmet":1,"minecraft:stone_axe":1,"minecraft:iron_helmet":3,"minecraft:painting":24,"minecraft:gray_wool":1,"minecraft:baked_potato":13,"minecraft:coal":442,"minecraft:sunflower":15},"minecraft:crafted":{"minecraft:oak_planks":548,"minecraft:chainmail_helmet":1,"minecraft:barrel":16,"minecraft:cooked_chicken":7,"minecraft:birch_slab":12,"minecraft:cooked_mutton":20,"minecraft:spruce_pressure_plate":12,"minecraft:glass":20,"minecraft:diamond_leggings":2,"minecraft:iron_boots":1,"minecraft:chest":24,"minecraft:birch_door":3,"minecraft:smoker":2,"minecraft:oak_slab":48,"minecraft:emerald":61,"minecraft:cooked_porkchop":73,"minecraft:crafting_table":7,"minecraft:spruce_planks":536,"minecraft:iron_helmet":3,"minecraft:wooden_pickaxe":1,"minecraft:baked_potato":22,"minecraft:chainmail_chestplate":8,"minecraft:red_wool":16,"minecraft:birch_planks":360,"minecraft:painting":8,"minecraft:spruce_trapdoor":36,"minecraft:iron_chestplate":1,"minecraft:diamond_pickaxe":2,"minecraft:shield":2,"minecraft:stick":692,"minecraft:iron_ingot":65,"minecraft:iron_pickaxe":2,"minecraft:stone_sword":1,"minecraft:shears":1,"minecraft:iron_nugget":72,"minecraft:furnace":4,"minecraft:bone_meal":3,"minecraft:spruce_fence":33,"minecraft:glass_pane":80,"minecraft:lantern":8,"minecraft:spruce_stairs":144,"minecraft:iron_axe":4,"minecraft:spruce_slab":12,"minecraft:stone_pickaxe":2,"minecraft:diamond_boots":1,"minecraft:cobbled_deepslate_stairs":84,"minecraft:wheat":666,"minecraft:cooked_beef":38,"minecraft:red_dye":16,"minecraft:iron_sword":2,"minecraft:bucket":1,"minecraft:red_carpet":24,"minecraft:stone_axe":2,"minecraft:air":0,"minecraft:chainmail_boots":10,"minecraft:oak_stairs":16,"minecraft:iron_shovel":4,"minecraft:white_bed":6,"minecraft:torch":332}},"DataVersion":3953}