{"stats":{"minecraft:custom":{"minecraft:interact_with_furnace":6,"minecraft:mob_kills":16,"minecraft:interact_with_crafting_table":13,"minecraft:leave_game":2,"minecraft:time_since_death":9649,"minecraft:time_since_rest":9696,"minecraft:sprint_one_cm":139450,"minecraft:damage_taken":1078,"minecraft:walk_one_cm":52302,"minecraft:damage_blocked_by_shield":33,"minecraft:drop":17,"minecraft:damage_dealt":2549,"minecraft:swim_one_cm":3962,"minecraft:fly_one_cm":136469,"minecraft:crouch_one_cm":29014,"minecraft:play_time":33502,"minecraft:deaths":3,"minecraft:sneak_time":6787,"minecraft:walk_under_water_one_cm":418,"minecraft:jump":716,"minecraft:walk_on_water_one_cm":831,"minecraft:interact_with_smoker":4,"minecraft:total_world_time":33502,"minecraft:fall_one_cm":13808},"minecraft:mined":{"minecraft:smoker":1,"minecraft:crafting_table":3,"minecraft:short_grass":13,"minecraft:grass_block":1,"minecraft:tall_grass":6,"minecraft:spruce_leaves":1,"minecraft:furnace":2,"minecraft:iron_ore":12,"minecraft:birch_leaves":1,"minecraft:oak_log":48,"minecraft:coal_ore":87,"minecraft:stone":87,"minecraft:oak_leaves":1},"minecraft:used":{"minecraft:stone_sword":32,"minecraft:stone_pickaxe":148,"minecraft:oak_planks":1,"minecraft:wooden_pickaxe":46,"minecraft:shield":1,"minecraft:torch":16,"minecraft:dirt":3,"minecraft:crafting_table":4,"minecraft:smoker":1,"minecraft:stone_axe":42,"minecraft:oak_sapling":8,"minecraft:furnace":2,"minecraft:cooked_porkchop":4,"minecraft:egg":3},"minecraft:picked_up":{"minecraft:crafting_table":4,"minecraft:cooked_beef":9,"minecraft:leather":6,"minecraft:wooden_pickaxe":3,"minecraft:smoker":1,"minecraft:oak_log":68,"minecraft:dirt":37,"minecraft:wheat_seeds":2,"minecraft:beef":8,"minecraft:stone_pickaxe":1,"minecraft:iron_pickaxe":1,"minecraft:oak_planks":8,"minecraft:egg":3,"minecraft:furnace":2,"minecraft:stick":8,"minecraft:raw_iron":21,"minecraft:cooked_porkchop":13,"minecraft:torch":40,"minecraft:porkchop":16,"minecraft:spruce_sapling":1,"minecraft:redstone":5,"minecraft:stone_sword":1,"minecraft:rotten_flesh":6,"minecraft:granite":1,"minecraft:oak_sapling":8,"minecraft:coal":148,"minecraft:cobblestone":144},"minecraft:crafted":{"minecraft:cooked_beef":7,"minecraft:oak_planks":40,"minecraft:cooked_porkchop":16,"minecraft:crafting_table":3,"minecraft:wooden_pickaxe":2,"minecraft:furnace":2,"minecraft:stone_axe":2,"minecraft:air":0,"minecraft:shield":1,"minecraft:stick":28,"minecraft:iron_ingot":4,"minecraft:iron_pickaxe":1,"minecraft:stone_pickaxe":2,"minecraft:stone_sword":2,"minecraft:torch":56,"minecraft:smoker":1},"minecraft:killed_by":{"minecraft:creeper":1,"minecraft:zombie":2},"minecraft:killed":{"minecraft:pig":6,"minecraft:witch":1,"minecraft:zombie_villager":1,"minecraft:zombie":3,"minecraft:cow":4},"minecraft:dropped":{"minecraft:wheat_seeds":2,"minecraft:rotten_flesh":5,"minecraft:wooden_pickaxe":4,"minecraft:spruce_sapling":1,"minecraft:redstone":5}},"DataVersion":3953}