{"stats":{"minecraft:mined":{"minecraft:spruce_planks":3,"minecraft:white_bed":9,"minecraft:cobbled_deepslate_stairs":2,"minecraft:cobblestone_stairs":3,"minecraft:granite":37,"minecraft:grass_block":571,"minecraft:polished_diorite":1,"minecraft:raw_iron_block":2,"fight_or_die:blood_splash1":8,"minecraft:iron_ore":60,"minecraft:cobbled_deepslate":54,"minecraft:fire":2,"biomesoplenty:webbing":1,"minecraft:deepslate_redstone_ore":18,"biomesoplenty:wildflower":5,"minecraft:soul_lantern":1,"born_in_chaos_v1:infected_deepslate_diamond_ore":2,"minecraft:torch":3,"minecraft:calcite":1,"minecraft:chest":1,"minecraft:cobblestone":32,"minecraft:sugar_cane":13,"minecraft:wall_torch":17,"minecraft:wheat":70,"minecraft:grass":252,"minecraft:cracked_deepslate_tiles":1,"minecraft:oak_log":52,"minecraft:dirt":473,"minecraft:oak_leaves":24,"minecraft:deepslate":2143,"minecraft:deepslate_tiles":7,"minecraft:tuff":235,"deep_dark_regrowth:grimstone_7":3,"deep_dark_regrowth:grimstone_5":3,"deep_dark_regrowth:grimstone_4":3,"minecraft:mossy_cobblestone":4,"minecraft:deepslate_diamond_ore":35,"deep_dark_regrowth:grimstone_8":8,"biomesoplenty:desert_grass":39,"born_in_chaos_v1:infected_diamond_ore":2,"minecraft:dark_oak_fence":3,"minecraft:cobbled_deepslate_slab":1,"born_in_chaos_v1:black_argillite":1,"minecraft:spruce_leaves":7,"minecraft:carrots":5,"minecraft:andesite":34,"minecraft:polished_deepslate":4,"minecraft:bookshelf":25,"minecraft:deepslate_iron_ore":30,"minecraft:bamboo_sapling":2,"minecraft:stone":594,"minecraft:glass_pane":1,"minecraft:crafting_table":8,"minecraft:spruce_button":1,"minecraft:tall_grass":1,"minecraft:lapis_ore":8,"minecraft:deepslate_gold_ore":11,"minecraft:diorite":18,"minecraft:spruce_log":3,"minecraft:birch_leaves":1,"fight_or_die:blood_splash2":15,"deep_dark_regrowth:moonstone_crystal_block":1,"minecraft:coal_ore":130,"minecraft:cherry_leaves":66,"minecraft:gravel":64,"minecraft:gray_carpet":1,"biomesoplenty:stringy_cobweb":1,"minecraft:cobweb":1,"minecraft:polished_andesite":1},"minecraft:killed_by":{"endofherobrine:cow":2,"undead_revamp2:the_moonflower":1,"fight_or_die:mutated_villager":1,"minecraft:player":1,"fight_or_die:mutated_enderman":3,"fight_or_die:springer":3,"born_in_chaos_v1:corpse_fish":1,"fight_or_die:mutated_sheep":1,"cave_dweller:cave_dweller":2},"minecraft:killed":{"fight_or_die:springer":7,"minecraft:witch":1,"minecraft:chicken":16,"undead_revamp2:therod":1,"fight_or_die:mutated_cow_head":1,"minecraft:pig":15,"born_in_chaos_v1:diamond_termite":6,"fight_or_die:mutated_cow":1,"minecraft:sheep":11,"minecraft:zombie":4,"born_in_chaos_v1:corpse_fly":2,"fight_or_die:mutated_player":3,"endofherobrine:pigman":2,"minecraft:cow":20,"born_in_chaos_v1:siamese_skeletonsleft":1,"fight_or_die:mutated_pig":1,"born_in_chaos_v1:thornshell_crab":2,"born_in_chaos_v1:maggot":3,"fight_or_die:mutated_human":4,"fight_or_die:mutated_sheep":3,"fight_or_die:shiller":2,"born_in_chaos_v1:baby_skeleton":1,"undead_revamp2:the_moonflower":1,"endofherobrine:sheep":1,"minecraft:enderman":1},"minecraft:broken":{"minecraft:iron_shovel":4,"minecraft:iron_leggings":1,"minecraft:iron_pickaxe":11},"minecraft:used":{"minecraft:iron_shovel":1197,"deep_dark_regrowth:cobbled_grimstone":7,"minecraft:ladder":12,"minecraft:chest":3,"minecraft:shield":18,"minecraft:iron_sword":97,"minecraft:iron_chestplate":3,"minecraft:carrot":28,"minecraft:iron_helmet":5,"minecraft:oak_sapling":1,"minecraft:egg":40,"minecraft:diorite":2,"minecraft:stone_pickaxe":2,"minecraft:white_wool":4,"minecraft:blast_furnace":1,"minecraft:cobbled_deepslate_stairs":135,"minecraft:bread":17,"minecraft:string":1,"minecraft:brown_wool":1,"minecraft:iron_door":2,"minecraft:gravel":6,"minecraft:bone_meal":4,"minecraft:stone_sword":104,"born_in_chaos_v1:ethereal_spirit":1,"minecraft:spruce_planks":1,"minecraft:cooked_chicken":12,"minecraft:torch":339,"minecraft:dirt":777,"minecraft:granite":1,"minecraft:iron_axe":103,"minecraft:spruce_button":3,"minecraft:iron_boots":6,"minecraft:bamboo":18,"minecraft:cooked_beef":22,"minecraft:cobbled_deepslate":242,"minecraft:iron_leggings":4,"minecraft:calcite":1,"minecraft:wheat_seeds":170,"minecraft:cooked_mutton":21,"minecraft:cobblestone_stairs":50,"minecraft:polished_andesite":1,"minecraft:mossy_cobblestone":2,"minecraft:crafting_table":10,"minecraft:white_bed":15,"minecraft:diamond_pickaxe":693,"minecraft:iron_pickaxe":2833,"minecraft:spruce_sapling":1,"minecraft:cobblestone":256,"minecraft:cobbled_deepslate_slab":3,"minecraft:cooked_porkchop":35,"minecraft:glass_pane":7,"dixtas_armory:iron_battle_axe":93},"minecraft:dropped":{"minecraft:birch_hanging_sign":1,"minecraft:iron_sword":1,"minecraft:glass_bottle":3,"minecraft:diamond":17,"minecraft:crafting_table":1,"minecraft:dirt":16,"minecraft:bone_meal":11,"minecraft:iron_pickaxe":1,"minecraft:birch_log":12,"minecraft:white_wool":2,"minecraft:bone":3,"minecraft:rotten_flesh":17,"minecraft:oak_planks":1,"born_in_chaos_v1:corpse_maggot":8,"biomesoplenty:wildflower":9,"born_in_chaos_v1:diamond_termite_shard":3,"fight_or_die:ripping_flesh":2,"born_in_chaos_v1:marigolds":7,"minecraft:water_bucket":1,"minecraft:bread":72,"minecraft:wheat_seeds":16,"minecraft:cobblestone":81,"minecraft:iron_helmet":4,"minecraft:feather":2,"minecraft:acacia_log":4,"fight_or_die:springer_fragment":2,"minecraft:brown_wool":1,"minecraft:iron_leggings":3,"minecraft:iron_axe":1,"minecraft:iron_shovel":1,"minecraft:stone_sword":1,"dixtas_armory:stone_shortsword":2,"born_in_chaos_v1:rotten_fish":2,"minecraft:chicken":1,"minecraft:iron_boots":1,"minecraft:shears":1,"minecraft:diamond_sword":1,"minecraft:shield":2,"minecraft:iron_chestplate":3,"minecraft:diamond_pickaxe":1,"minecraft:andesite":5,"minecraft:bamboo":1,"minecraft:spruce_log":18,"minecraft:bow":2,"minecraft:stone_pickaxe":1},"minecraft:crafted":{"minecraft:cooked_chicken":15,"minecraft:cobblestone_stairs":52,"dixtas_armory:iron_battle_axe":1,"minecraft:cooked_mutton":21,"minecraft:iron_boots":4,"minecraft:chest":2,"minecraft:iron_door":3,"minecraft:cooked_porkchop":27,"minecraft:crafting_table":3,"minecraft:spruce_planks":32,"minecraft:iron_helmet":3,"minecraft:copper_ingot":16,"minecraft:diamond_pickaxe":1,"minecraft:iron_chestplate":2,"minecraft:shield":2,"minecraft:stick":159,"minecraft:iron_ingot":160,"minecraft:iron_pickaxe":11,"minecraft:gold_ingot":53,"minecraft:cobbled_deepslate_slab":6,"minecraft:raw_iron":18,"minecraft:spruce_button":2,"minecraft:bone_meal":9,"minecraft:glass_pane":32,"minecraft:iron_axe":2,"minecraft:ladder":12,"minecraft:stone_pickaxe":1,"minecraft:cobbled_deepslate_stairs":144,"minecraft:dark_oak_planks":40,"minecraft:cooked_beef":28,"minecraft:iron_sword":2,"minecraft:bread":22,"minecraft:air":0,"minecraft:iron_shovel":5,"minecraft:iron_leggings":1,"minecraft:torch":364},"minecraft:custom":{"minecraft:interact_with_crafting_table":54,"minecraft:open_barrel":5,"minecraft:leave_game":17,"minecraft:time_since_death":35073,"minecraft:sprint_one_cm":1948277,"minecraft:damage_blocked_by_shield":1445,"minecraft:drop":129,"minecraft:play_time":540268,"minecraft:deaths":17,"minecraft:jump":7722,"minecraft:enchant_item":1,"minecraft:walk_on_water_one_cm":20810,"minecraft:interact_with_furnace":6,"minecraft:sleep_in_bed":36,"minecraft:damage_dealt":13809,"minecraft:crouch_one_cm":410810,"minecraft:interact_with_smoker":29,"minecraft:mob_kills":113,"minecraft:damage_dealt_resisted":87,"minecraft:climb_one_cm":14415,"minecraft:walk_one_cm":829093,"minecraft:sneak_time":115417,"minecraft:walk_under_water_one_cm":14686,"minecraft:interact_with_blast_furnace":36,"minecraft:total_world_time":540268,"minecraft:time_since_rest":30023,"minecraft:damage_taken":9188,"minecraft:swim_one_cm":58329,"minecraft:fly_one_cm":1491682,"minecraft:open_chest":114,"minecraft:fall_one_cm":199996},"minecraft:picked_up":{"minecraft:iron_chestplate":18,"minecraft:wheat":67,"minecraft:diamond_sword":1,"born_in_chaos_v1:black_argillite":19,"minecraft:polished_deepslate":2,"minecraft:string":5,"minecraft:raw_copper":2,"minecraft:iron_leggings":17,"minecraft:oak_sign":2,"minecraft:deepslate_tiles":2,"minecraft:cobbled_deepslate":3786,"minecraft:spruce_planks":3,"minecraft:calcite":1,"minecraft:iron_pickaxe":12,"minecraft:iron_boots":15,"minecraft:stick":98,"minecraft:torch":84,"minecraft:acacia_log":4,"minecraft:porkchop":32,"minecraft:diorite":342,"minecraft:stone_sword":3,"deep_dark_regrowth:moonstone_crystal_block":92,"minecraft:rotten_flesh":57,"dixtas_armory:stone_shortsword":2,"minecraft:cobblestone":1584,"minecraft:birch_log":12,"minecraft:cooked_beef":82,"minecraft:feather":17,"fight_or_die:springer_fragment":2,"minecraft:iron_door":1,"minecraft:water_bucket":2,"minecraft:andesite":33,"minecraft:brown_wool":3,"minecraft:flint":10,"minecraft:tuff":379,"minecraft:dirt":1415,"minecraft:lapis_lazuli":45,"minecraft:lantern":1,"born_in_chaos_v1:marigolds":15,"minecraft:bone":37,"undead_revamp2:blacpetalblock":2,"minecraft:bow":10,"minecraft:wheat_seeds":247,"minecraft:raw_gold":16,"minecraft:cobbled_deepslate_slab":5,"deep_dark_regrowth:ghost_flowers":4,"minecraft:birch_hanging_sign":1,"minecraft:bamboo":515,"minecraft:oak_planks":316,"biomesoplenty:toadstool":2,"minecraft:cooked_porkchop":95,"deep_dark_regrowth:cobbled_grimstone":43,"minecraft:dark_oak_log":13,"minecraft:mossy_cobblestone":2,"minecraft:polished_andesite":1,"minecraft:diamond":98,"minecraft:soul_lantern":2,"minecraft:granite":36,"minecraft:bone_meal":8,"minecraft:spruce_button":1,"minecraft:bread":90,"born_in_chaos_v1:rotten_fish":4,"minecraft:oak_sapling":1,"minecraft:diamond_pickaxe":4,"minecraft:crafting_table":11,"born_in_chaos_v1:diamond_termite_shard":7,"minecraft:chicken":16,"minecraft:shield":16,"minecraft:iron_axe":18,"minecraft:moss_carpet":8,"minecraft:iron_shovel":8,"minecraft:beef":60,"minecraft:light_gray_wool":2,"biomesoplenty:wildflower":12,"minecraft:sugar_cane":30,"minecraft:chest":1,"minecraft:egg":42,"fight_or_die:ripping_flesh":10,"minecraft:raw_iron":145,"fight_or_die:rotten_brain":2,"minecraft:redstone":203,"minecraft:carrot":21,"minecraft:arrow":14,"minecraft:shears":1,"born_in_chaos_v1:spiny_shell":6,"minecraft:mutton":39,"minecraft:white_wool":7,"born_in_chaos_v1:fused_bone":5,"minecraft:cracked_deepslate_tiles":1,"born_in_chaos_v1:corpse_maggot":8,"minecraft:leather":31,"minecraft:oak_log":104,"dixtas_armory:iron_battle_axe":3,"minecraft:cobbled_deepslate_stairs":2,"minecraft:cobblestone_stairs":82,"minecraft:cooked_mutton":20,"minecraft:gray_carpet":3,"minecraft:iron_ingot":62,"minecraft:stone_pickaxe":4,"minecraft:cooked_chicken":13,"minecraft:glass_bottle":3,"minecraft:iron_sword":11,"minecraft:book":66,"minecraft:oak_slab":3,"born_in_chaos_v1:ethereal_spirit":3,"minecraft:raw_iron_block":2,"minecraft:gravel":59,"minecraft:white_bed":15,"minecraft:blast_furnace":2,"minecraft:spruce_sapling":1,"minecraft:spruce_log":52,"minecraft:iron_helmet":14,"minecraft:cherry_sapling":1,"minecraft:black_wool":1,"minecraft:coal":431}},"DataVersion":3465}