{"stats":{"minecraft:picked_up":{"minecraft:wooden_axe":2,"minecraft:crafting_table":6,"minecraft:iron_chestplate":1,"minecraft:wheat":4,"minecraft:azure_bluet":3,"minecraft:yellow_wool":1,"minecraft:chicken":7,"minecraft:smithing_table":1,"minecraft:oak_stairs":4,"minecraft:brewing_stand":1,"minecraft:shield":3,"minecraft:string":87,"minecraft:white_carpet":9,"minecraft:diamond_leggings":3,"minecraft:cobbled_deepslate":120,"minecraft:spruce_planks":44,"minecraft:beef":60,"minecraft:poppy":1,"minecraft:iron_pickaxe":3,"minecraft:sugar_cane":6,"minecraft:birch_sapling":2,"minecraft:iron_boots":1,"minecraft:stick":27,"minecraft:raw_iron":220,"minecraft:composter":14,"minecraft:torch":60,"minecraft:porkchop":92,"minecraft:diorite":5,"minecraft:carrot":32,"minecraft:redstone":100,"minecraft:cauldron":3,"minecraft:dark_oak_planks":2,"minecraft:stone_sword":3,"minecraft:arrow":45,"minecraft:stone_shovel":5,"minecraft:rotten_flesh":24,"minecraft:hay_block":74,"minecraft:mutton":10,"minecraft:cobblestone":296,"minecraft:snowball":16,"minecraft:white_wool":21,"minecraft:oxeye_daisy":1,"minecraft:birch_log":90,"minecraft:feather":14,"minecraft:water_bucket":2,"minecraft:andesite":2,"minecraft:leather":32,"minecraft:smoker":3,"minecraft:potato":2,"minecraft:birch_planks":32,"minecraft:flint":1,"minecraft:tuff":7,"minecraft:oak_log":212,"minecraft:gunpowder":4,"minecraft:cobblestone_stairs":1,"minecraft:lapis_lazuli":146,"minecraft:dirt":739,"minecraft:bone":31,"minecraft:apple":2,"minecraft:bow":8,"minecraft:wheat_seeds":135,"minecraft:raw_gold":14,"minecraft:stone_pickaxe":2,"minecraft:iron_ingot":50,"minecraft:iron_sword":3,"minecraft:oak_planks":100,"minecraft:cooked_porkchop":7,"minecraft:dandelion":3,"minecraft:gravel":5,"minecraft:sand":77,"minecraft:spruce_sapling":3,"minecraft:blast_furnace":12,"minecraft:white_bed":4,"minecraft:spruce_log":60,"minecraft:loom":2,"minecraft:spider_eye":4,"minecraft:leather_helmet":1,"minecraft:diamond":27,"minecraft:stone_axe":1,"minecraft:iron_helmet":3,"minecraft:granite":3,"minecraft:emerald":12,"minecraft:baked_potato":13,"minecraft:oak_sapling":19,"minecraft:light_gray_carpet":3,"minecraft:coal":415,"minecraft:sunflower":15,"minecraft:diamond_pickaxe":2},"minecraft:mined":{"minecraft:dark_oak_planks":2,"minecraft:tuff":5,"minecraft:spruce_planks":1,"minecraft:white_bed":4,"minecraft:oak_sapling":1,"minecraft:deepslate_diamond_ore":22,"minecraft:cobblestone_stairs":1,"minecraft:brewing_stand":1,"minecraft:granite":2,"minecraft:grass_block":586,"minecraft:spruce_leaves":19,"minecraft:composter":14,"minecraft:hay_block":74,"minecraft:carrots":6,"minecraft:iron_ore":120,"minecraft:fire":2,"minecraft:deepslate_lapis_ore":12,"minecraft:dirt_path":39,"minecraft:water_cauldron":3,"minecraft:deepslate_iron_ore":50,"minecraft:oak_stairs":4,"minecraft:stone":160,"minecraft:white_wool":1,"minecraft:smithing_table":1,"minecraft:deepslate_redstone_ore":13,"minecraft:light_gray_carpet":3,"minecraft:smoker":3,"minecraft:dandelion":2,"minecraft:crafting_table":6,"minecraft:short_grass":943,"minecraft:blast_furnace":12,"minecraft:tall_grass":90,"minecraft:cobblestone":7,"minecraft:deepslate_coal_ore":8,"minecraft:deepslate_gold_ore":13,"minecraft:lapis_ore":9,"minecraft:diorite":1,"minecraft:wall_torch":1,"minecraft:birch_planks":29,"minecraft:yellow_wool":1,"minecraft:birch_log":90,"minecraft:wheat":2,"minecraft:blue_ice":1,"minecraft:white_carpet":9,"minecraft:spruce_log":35,"minecraft:birch_leaves":3,"minecraft:bee_nest":1,"minecraft:oak_log":203,"minecraft:coal_ore":286,"minecraft:gravel":6,"minecraft:sunflower":1,"minecraft:loom":2,"minecraft:dirt":89,"minecraft:gold_ore":1,"minecraft:oak_leaves":28,"minecraft:deepslate":64,"minecraft:fern":3},"minecraft:killed_by":{"minecraft:player":1,"minecraft:creeper":2,"minecraft:spider":1,"minecraft:skeleton":1},"minecraft:killed":{"minecraft:spider":7,"minecraft:skeleton":17,"minecraft:chicken":7,"minecraft:pig":37,"minecraft:iron_golem":1,"minecraft:creeper":3,"minecraft:sheep":4,"minecraft:zombie":21,"minecraft:cow":22},"minecraft:broken":{"minecraft:iron_shovel":2,"minecraft:golden_shovel":1,"minecraft:stone_pickaxe":1,"minecraft:iron_axe":1,"minecraft:stone_axe":1,"minecraft:iron_pickaxe":1},"minecraft:used":{"minecraft:stone_sword":131,"minecraft:iron_shovel":719,"minecraft:chest":2,"minecraft:spruce_planks":6,"minecraft:shield":36,"minecraft:iron_sword":121,"minecraft:cooked_chicken":7,"minecraft:iron_chestplate":1,"minecraft:torch":254,"minecraft:brewing_stand":1,"minecraft:dirt":540,"minecraft:carrot":20,"minecraft:golden_shovel":34,"minecraft:tuff":4,"minecraft:granite":3,"minecraft:snowball":16,"minecraft:iron_axe":294,"minecraft:oak_stairs":12,"minecraft:birch_sapling":2,"minecraft:iron_helmet":1,"minecraft:oak_sapling":19,"minecraft:cooked_beef":38,"minecraft:cobbled_deepslate":32,"minecraft:wheat_seeds":53,"minecraft:cooked_mutton":3,"minecraft:water_bucket":23,"minecraft:diorite":4,"minecraft:cobblestone_stairs":1,"minecraft:birch_planks":257,"minecraft:baked_potato":22,"minecraft:stone_pickaxe":255,"minecraft:wooden_pickaxe":38,"minecraft:composter":14,"minecraft:leather_chestplate":1,"minecraft:cauldron":3,"minecraft:white_wool":1,"minecraft:sand":17,"minecraft:crafting_table":10,"minecraft:blast_furnace":12,"minecraft:white_bed":10,"minecraft:smoker":5,"minecraft:oak_log":96,"minecraft:diamond_pickaxe":32,"minecraft:apple":6,"minecraft:oxeye_daisy":1,"minecraft:iron_pickaxe":486,"minecraft:sunflower":14,"minecraft:bread":19,"minecraft:gravel":1,"minecraft:spruce_sapling":2,"minecraft:stone_axe":174,"minecraft:cobblestone":139,"minecraft:porkchop":1,"minecraft:cooked_porkchop":9,"minecraft:smithing_table":1,"minecraft:andesite":2,"minecraft:bucket":24,"minecraft:dandelion":1,"minecraft:bone_meal":3},"minecraft:crafted":{"minecraft:oak_planks":224,"minecraft:chainmail_helmet":1,"minecraft:cooked_chicken":7,"minecraft:furnace":2,"minecraft:bone_meal":3,"minecraft:cooked_mutton":3,"minecraft:diamond_leggings":2,"minecraft:iron_boots":1,"minecraft:iron_axe":3,"minecraft:stone_pickaxe":2,"minecraft:chest":2,"minecraft:diamond_boots":1,"minecraft:smoker":2,"minecraft:wheat":666,"minecraft:cooked_beef":38,"minecraft:emerald":61,"minecraft:cooked_porkchop":73,"minecraft:crafting_table":5,"minecraft:spruce_planks":108,"minecraft:iron_helmet":3,"minecraft:wooden_pickaxe":1,"minecraft:baked_potato":22,"minecraft:iron_sword":2,"minecraft:chainmail_chestplate":8,"minecraft:bucket":1,"minecraft:birch_planks":264,"minecraft:stone_axe":2,"minecraft:air":0,"minecraft:iron_chestplate":1,"minecraft:diamond_pickaxe":2,"minecraft:shield":2,"minecraft:stick":600,"minecraft:iron_ingot":65,"minecraft:chainmail_boots":10,"minecraft:iron_pickaxe":2,"minecraft:oak_stairs":8,"minecraft:stone_sword":1,"minecraft:iron_shovel":3,"minecraft:white_bed":6,"minecraft:torch":292,"minecraft:shears":1},"minecraft:dropped":{"minecraft:wheat_seeds":59,"minecraft:golden_helmet":1,"minecraft:cooked_porkchop":32,"minecraft:apple":1,"minecraft:chainmail_helmet":1,"minecraft:leather_helmet":1,"minecraft:flint":1,"minecraft:stick":2,"minecraft:emerald":2,"minecraft:wooden_axe":1,"minecraft:sunflower":1,"minecraft:white_wool":2,"minecraft:spruce_sapling":1,"minecraft:bone":12,"minecraft:dandelion":1,"minecraft:sugar_cane":6,"minecraft:stone_sword":1,"minecraft:yellow_wool":1,"minecraft:tuff":1,"minecraft:wheat":7,"minecraft:stone_shovel":1,"minecraft:white_carpet":9,"minecraft:rotten_flesh":6,"minecraft:azure_bluet":3,"minecraft:chainmail_chestplate":8,"minecraft:poppy":1,"minecraft:leather_chestplate":1,"minecraft:gunpowder":1,"minecraft:diamond_pickaxe":1,"minecraft:leather_boots":1,"minecraft:chainmail_boots":10,"minecraft:spider_eye":1,"minecraft:wooden_pickaxe":1},"minecraft:custom":{"minecraft:interact_with_smithing_table":2,"minecraft:mob_kills":121,"minecraft:animals_bred":2,"minecraft:interact_with_crafting_table":32,"minecraft:bell_ring":13,"minecraft:leave_game":2,"minecraft:time_since_death":85028,"minecraft:sprint_one_cm":1494910,"minecraft:walk_one_cm":532612,"minecraft:damage_blocked_by_shield":3486,"minecraft:drop":124,"minecraft:talked_to_villager":95,"minecraft:play_time":368394,"minecraft:sneak_time":40082,"minecraft:deaths":13,"minecraft:walk_under_water_one_cm":7138,"minecraft:jump":9288,"minecraft:interact_with_blast_furnace":17,"minecraft:walk_on_water_one_cm":26217,"minecraft:total_world_time":368394,"minecraft:traded_with_villager":86,"minecraft:pot_flower":1,"minecraft:sleep_in_bed":24,"minecraft:time_since_rest":8303,"minecraft:damage_taken":83996,"minecraft:damage_dealt":18152,"minecraft:player_kills":1,"minecraft:swim_one_cm":50440,"minecraft:fly_one_cm":2155605,"minecraft:open_chest":65,"minecraft:crouch_one_cm":173059,"minecraft:interact_with_smoker":51,"minecraft:fall_one_cm":1017676}},"DataVersion":3953}