{"stats":{"minecraft:used":{"minecraft:stone_sword":131,"minecraft:iron_shovel":817,"minecraft:spruce_slab":6,"minecraft:chest":2,"minecraft:spruce_planks":6,"minecraft:shield":36,"minecraft:iron_sword":122,"minecraft:cooked_chicken":7,"minecraft:iron_chestplate":1,"minecraft:torch":254,"minecraft:brewing_stand":1,"minecraft:dirt":542,"minecraft:wheat":53,"minecraft:spruce_stairs":15,"minecraft:carrot":32,"minecraft:golden_shovel":34,"minecraft:tuff":4,"minecraft:granite":3,"minecraft:spruce_fence":4,"minecraft:snowball":16,"minecraft:birch_door":2,"minecraft:iron_axe":436,"minecraft:oak_stairs":13,"minecraft:birch_sapling":2,"minecraft:iron_helmet":1,"minecraft:oak_sapling":19,"minecraft:cooked_beef":38,"minecraft:cobbled_deepslate":32,"minecraft:wheat_seeds":210,"minecraft:cooked_mutton":3,"minecraft:water_bucket":24,"minecraft:diorite":4,"minecraft:cobblestone_stairs":1,"minecraft:fletching_table":1,"minecraft:baked_potato":22,"minecraft:birch_planks":263,"minecraft:oak_planks":67,"minecraft:stone_pickaxe":255,"minecraft:wooden_pickaxe":38,"minecraft:composter":14,"minecraft:leather_chestplate":1,"minecraft:cauldron":3,"minecraft:white_wool":1,"minecraft:sand":17,"minecraft:crafting_table":12,"minecraft:blast_furnace":13,"minecraft:white_bed":11,"minecraft:smoker":7,"minecraft:oak_log":96,"minecraft:diamond_pickaxe":32,"minecraft:apple":6,"minecraft:oxeye_daisy":1,"minecraft:spruce_pressure_plate":1,"minecraft:spruce_trapdoor":20,"minecraft:iron_pickaxe":489,"minecraft:gravel":1,"minecraft:sunflower":14,"minecraft:bread":19,"minecraft:spruce_sapling":11,"minecraft:stone_axe":174,"minecraft:cobblestone":139,"minecraft:porkchop":1,"minecraft:cooked_porkchop":9,"minecraft:smithing_table":2,"minecraft:andesite":2,"minecraft:bucket":25,"minecraft:glass_pane":32,"minecraft:dandelion":1,"minecraft:bone_meal":9},"minecraft:dropped":{"minecraft:wheat_seeds":71,"minecraft:golden_helmet":1,"minecraft:cooked_porkchop":32,"minecraft:apple":1,"minecraft:chainmail_helmet":1,"minecraft:leather_helmet":1,"minecraft:flint":1,"minecraft:stick":2,"minecraft:emerald":2,"minecraft:wooden_axe":1,"minecraft:sunflower":1,"minecraft:white_wool":2,"minecraft:spruce_sapling":1,"minecraft:dandelion":1,"minecraft:bone":12,"minecraft:sugar_cane":6,"minecraft:stone_sword":1,"minecraft:wheat":7,"minecraft:tuff":1,"minecraft:yellow_wool":1,"minecraft:stone_shovel":1,"minecraft:white_carpet":9,"minecraft:rotten_flesh":6,"minecraft:azure_bluet":3,"minecraft:chainmail_chestplate":8,"minecraft:poppy":1,"minecraft:leather_chestplate":1,"minecraft:gunpowder":1,"minecraft:diamond_pickaxe":1,"minecraft:spruce_pressure_plate":12,"minecraft:leather_boots":1,"minecraft:chainmail_boots":10,"minecraft:spider_eye":1,"minecraft:wooden_pickaxe":1},"minecraft:custom":{"minecraft:interact_with_smithing_table":2,"minecraft:mob_kills":122,"minecraft:animals_bred":4,"minecraft:interact_with_crafting_table":42,"minecraft:bell_ring":13,"minecraft:leave_game":2,"minecraft:time_since_death":125761,"minecraft:climb_one_cm":218,"minecraft:sprint_one_cm":1625881,"minecraft:walk_one_cm":598393,"minecraft:damage_blocked_by_shield":3486,"minecraft:drop":126,"minecraft:talked_to_villager":99,"minecraft:play_time":409127,"minecraft:sneak_time":44537,"minecraft:deaths":13,"minecraft:walk_under_water_one_cm":7138,"minecraft:jump":9860,"minecraft:interact_with_blast_furnace":18,"minecraft:walk_on_water_one_cm":26218,"minecraft:total_world_time":409127,"minecraft:interact_with_furnace":2,"minecraft:traded_with_villager":86,"minecraft:pot_flower":1,"minecraft:sleep_in_bed":27,"minecraft:time_since_rest":5661,"minecraft:damage_taken":84102,"minecraft:damage_dealt":18202,"minecraft:player_kills":1,"minecraft:swim_one_cm":50440,"minecraft:fly_one_cm":2296569,"minecraft:open_chest":74,"minecraft:crouch_one_cm":189276,"minecraft:interact_with_smoker":52,"minecraft:fall_one_cm":1029271},"minecraft:picked_up":{"minecraft:wooden_axe":2,"minecraft:iron_chestplate":1,"minecraft:crafting_table":7,"minecraft:wheat":61,"minecraft:azure_bluet":3,"minecraft:chicken":7,"minecraft:yellow_wool":1,"minecraft:smithing_table":2,"minecraft:oak_stairs":4,"minecraft:brewing_stand":1,"minecraft:shield":3,"minecraft:string":87,"minecraft:white_carpet":9,"minecraft:diamond_leggings":3,"minecraft:cobbled_deepslate":120,"minecraft:spruce_planks":44,"minecraft:beef":60,"minecraft:poppy":1,"minecraft:iron_pickaxe":3,"minecraft:sugar_cane":6,"minecraft:birch_sapling":2,"minecraft:spruce_trapdoor":7,"minecraft:iron_boots":1,"minecraft:spruce_pressure_plate":1,"minecraft:stick":34,"minecraft:raw_iron":220,"minecraft:composter":14,"minecraft:torch":60,"minecraft:spruce_stairs":4,"minecraft:porkchop":92,"minecraft:diorite":5,"minecraft:carrot":32,"minecraft:redstone":100,"minecraft:cauldron":3,"minecraft:dark_oak_planks":2,"minecraft:stone_sword":3,"minecraft:arrow":45,"minecraft:stone_shovel":5,"minecraft:rotten_flesh":24,"minecraft:hay_block":74,"minecraft:mutton":10,"minecraft:snowball":16,"minecraft:white_wool":21,"minecraft:cobblestone":296,"minecraft:oxeye_daisy":1,"minecraft:birch_log":90,"minecraft:feather":14,"minecraft:water_bucket":2,"minecraft:andesite":2,"minecraft:leather":32,"minecraft:smoker":5,"minecraft:potato":2,"minecraft:birch_planks":39,"minecraft:flint":1,"minecraft:tuff":7,"minecraft:oak_log":212,"minecraft:gunpowder":4,"minecraft:cobblestone_stairs":1,"minecraft:lapis_lazuli":146,"minecraft:dirt":746,"minecraft:bone":31,"minecraft:apple":2,"minecraft:bow":8,"minecraft:wheat_seeds":293,"minecraft:raw_gold":14,"minecraft:iron_ingot":50,"minecraft:stone_pickaxe":2,"minecraft:fletching_table":1,"minecraft:iron_sword":3,"minecraft:oak_planks":103,"minecraft:cooked_porkchop":7,"minecraft:dandelion":3,"minecraft:gravel":5,"minecraft:sand":141,"minecraft:spruce_sapling":12,"minecraft:blast_furnace":13,"minecraft:white_bed":5,"minecraft:spruce_log":160,"minecraft:loom":2,"minecraft:spider_eye":4,"minecraft:leather_helmet":1,"minecraft:diamond":27,"minecraft:stone_axe":1,"minecraft:iron_helmet":3,"minecraft:granite":3,"minecraft:bone_meal":9,"minecraft:emerald":12,"minecraft:baked_potato":13,"minecraft:oak_sapling":19,"minecraft:light_gray_carpet":3,"minecraft:coal":415,"minecraft:sunflower":15,"minecraft:diamond_pickaxe":2},"minecraft:killed_by":{"minecraft:player":1,"minecraft:creeper":2,"minecraft:spider":1,"minecraft:skeleton":1},"minecraft:killed":{"minecraft:spider":7,"minecraft:skeleton":17,"minecraft:chicken":7,"minecraft:pig":37,"minecraft:zombie_villager":1,"minecraft:iron_golem":1,"minecraft:creeper":3,"minecraft:sheep":4,"minecraft:zombie":21,"minecraft:cow":22},"minecraft:broken":{"minecraft:iron_shovel":3,"minecraft:golden_shovel":1,"minecraft:stone_pickaxe":1,"minecraft:iron_axe":1,"minecraft:stone_axe":1,"minecraft:iron_pickaxe":1},"minecraft:crafted":{"minecraft:oak_planks":308,"minecraft:chainmail_helmet":1,"minecraft:cooked_chicken":7,"minecraft:furnace":2,"minecraft:bone_meal":3,"minecraft:glass_pane":32,"minecraft:spruce_fence":6,"minecraft:cooked_mutton":3,"minecraft:spruce_pressure_plate":12,"minecraft:spruce_stairs":24,"minecraft:diamond_leggings":2,"minecraft:iron_boots":1,"minecraft:iron_axe":3,"minecraft:spruce_slab":12,"minecraft:stone_pickaxe":2,"minecraft:chest":2,"minecraft:diamond_boots":1,"minecraft:birch_door":3,"minecraft:smoker":2,"minecraft:wheat":666,"minecraft:cooked_beef":38,"minecraft:emerald":61,"minecraft:cooked_porkchop":73,"minecraft:crafting_table":6,"minecraft:spruce_planks":232,"minecraft:iron_helmet":3,"minecraft:wooden_pickaxe":1,"minecraft:baked_potato":22,"minecraft:iron_sword":2,"minecraft:chainmail_chestplate":8,"minecraft:bucket":1,"minecraft:birch_planks":264,"minecraft:stone_axe":2,"minecraft:air":0,"minecraft:spruce_trapdoor":16,"minecraft:iron_chestplate":1,"minecraft:diamond_pickaxe":2,"minecraft:shield":2,"minecraft:stick":604,"minecraft:chainmail_boots":10,"minecraft:iron_ingot":65,"minecraft:iron_pickaxe":2,"minecraft:oak_stairs":12,"minecraft:stone_sword":1,"minecraft:iron_shovel":4,"minecraft:white_bed":6,"minecraft:torch":292,"minecraft:shears":1},"minecraft:mined":{"minecraft:dark_oak_planks":2,"minecraft:tuff":5,"minecraft:spruce_planks":1,"minecraft:white_bed":5,"minecraft:oak_sapling":1,"minecraft:deepslate_diamond_ore":22,"minecraft:cobblestone_stairs":1,"minecraft:brewing_stand":1,"minecraft:spruce_trapdoor":7,"minecraft:granite":2,"minecraft:grass_block":593,"minecraft:spruce_leaves":79,"minecraft:composter":14,"minecraft:hay_block":74,"minecraft:carrots":6,"minecraft:iron_ore":120,"minecraft:fire":2,"minecraft:fletching_table":1,"minecraft:deepslate_lapis_ore":12,"minecraft:dirt_path":39,"minecraft:water_cauldron":3,"minecraft:deepslate_iron_ore":50,"minecraft:oak_stairs":4,"minecraft:spruce_pressure_plate":1,"minecraft:stone":160,"minecraft:white_wool":1,"minecraft:smithing_table":2,"minecraft:deepslate_redstone_ore":13,"minecraft:light_gray_carpet":3,"minecraft:glass_pane":1,"minecraft:smoker":5,"minecraft:dandelion":2,"minecraft:crafting_table":7,"minecraft:short_grass":964,"minecraft:blast_furnace":13,"minecraft:tall_grass":90,"minecraft:cobblestone":7,"minecraft:deepslate_coal_ore":8,"minecraft:deepslate_gold_ore":13,"minecraft:lapis_ore":9,"minecraft:oak_planks":3,"minecraft:diorite":1,"minecraft:wall_torch":1,"minecraft:spruce_stairs":4,"minecraft:birch_planks":36,"minecraft:yellow_wool":1,"minecraft:birch_log":90,"minecraft:wheat":59,"minecraft:blue_ice":1,"minecraft:spruce_log":135,"minecraft:white_carpet":9,"minecraft:birch_leaves":3,"minecraft:bee_nest":1,"minecraft:coal_ore":286,"minecraft:oak_log":203,"minecraft:sand":64,"minecraft:gravel":6,"minecraft:sunflower":1,"minecraft:loom":2,"minecraft:dirt":89,"minecraft:gold_ore":1,"minecraft:oak_leaves":28,"minecraft:deepslate":64,"minecraft:fern":3}},"DataVersion":3953}