{"stats":{"minecraft:killed":{"fight_or_die:springer":8,"minecraft:witch":1,"minecraft:chicken":16,"undead_revamp2:therod":1,"fight_or_die:mutated_cow_head":1,"minecraft:pig":15,"born_in_chaos_v1:diamond_termite":6,"fight_or_die:mutated_cow":1,"minecraft:sheep":11,"fight_or_die:mutated_villager":1,"minecraft:zombie":4,"born_in_chaos_v1:dread_hound":1,"born_in_chaos_v1:corpse_fly":2,"fight_or_die:mutated_player":3,"born_in_chaos_v1:door_knight":1,"endofherobrine:pigman":2,"born_in_chaos_v1:siamese_skeletonsleft":1,"minecraft:cow":20,"fight_or_die:mutated_pig":1,"minecraft:slime":6,"born_in_chaos_v1:thornshell_crab":2,"born_in_chaos_v1:maggot":3,"fight_or_die:mutated_human":4,"fight_or_die:mutated_sheep":3,"fight_or_die:shiller":4,"born_in_chaos_v1:baby_skeleton":1,"undead_revamp2:the_moonflower":1,"minecraft:hoglin":1,"endofherobrine:sheep":1,"minecraft:enderman":1},"minecraft:custom":{"minecraft:interact_with_crafting_table":76,"minecraft:open_barrel":5,"minecraft:leave_game":22,"minecraft:time_since_death":115367,"minecraft:sprint_one_cm":2936288,"minecraft:damage_blocked_by_shield":1445,"minecraft:drop":172,"minecraft:play_time":774404,"minecraft:deaths":23,"minecraft:jump":10817,"minecraft:walk_on_water_one_cm":30276,"minecraft:enchant_item":25,"minecraft:interact_with_furnace":28,"minecraft:sleep_in_bed":48,"minecraft:damage_dealt":15525,"minecraft:crouch_one_cm":550252,"minecraft:interact_with_smoker":39,"minecraft:interact_with_anvil":3,"minecraft:mob_kills":128,"minecraft:damage_dealt_resisted":210,"minecraft:climb_one_cm":20644,"minecraft:walk_one_cm":1161282,"minecraft:sneak_time":152135,"minecraft:walk_under_water_one_cm":19426,"minecraft:interact_with_blast_furnace":46,"minecraft:total_world_time":774404,"minecraft:time_since_rest":13026,"minecraft:damage_taken":12114,"minecraft:swim_one_cm":91693,"minecraft:fly_one_cm":2033949,"minecraft:open_chest":208,"minecraft:fall_one_cm":261088},"minecraft:dropped":{"minecraft:birch_hanging_sign":1,"minecraft:iron_sword":1,"minecraft:glass_bottle":3,"minecraft:diamond":17,"minecraft:crafting_table":1,"minecraft:cobblestone_stairs":3,"born_in_chaos_v1:monster_flesh":1,"minecraft:dirt":31,"minecraft:bone_meal":11,"minecraft:iron_pickaxe":1,"minecraft:birch_log":12,"minecraft:white_wool":2,"minecraft:bone":8,"minecraft:gravel":23,"minecraft:cobbled_deepslate":56,"minecraft:rotten_flesh":26,"minecraft:oak_planks":1,"minecraft:carrot":15,"minecraft:gunpowder":1,"born_in_chaos_v1:corpse_maggot":8,"biomesoplenty:wildflower":10,"born_in_chaos_v1:diamond_termite_shard":4,"fight_or_die:ripping_flesh":3,"born_in_chaos_v1:marigolds":7,"minecraft:bread":72,"minecraft:water_bucket":1,"minecraft:wheat_seeds":18,"born_in_chaos_v1:mesh_door":1,"minecraft:bookshelf":29,"minecraft:cobblestone":82,"minecraft:feather":2,"minecraft:iron_helmet":4,"minecraft:book":130,"minecraft:granite":2,"minecraft:acacia_log":4,"biomesoplenty:jacaranda_log":8,"fight_or_die:springer_fragment":2,"minecraft:diorite":11,"minecraft:brown_wool":1,"minecraft:iron_leggings":3,"minecraft:iron_axe":1,"minecraft:iron_shovel":1,"minecraft:stone_sword":1,"dixtas_armory:stone_shortsword":2,"minecraft:raw_copper":4,"born_in_chaos_v1:rotten_fish":2,"minecraft:chicken":1,"minecraft:iron_boots":1,"minecraft:shears":1,"minecraft:diamond_sword":1,"minecraft:shield":2,"minecraft:andesite":8,"minecraft:iron_chestplate":3,"minecraft:diamond_pickaxe":1,"minecraft:bamboo":1,"minecraft:spruce_log":18,"minecraft:slime_ball":6,"minecraft:bow":2,"minecraft:stone_pickaxe":1},"minecraft:used":{"minecraft:cherry_sapling":12,"minecraft:iron_shovel":1206,"deep_dark_regrowth:cobbled_grimstone":7,"minecraft:ladder":12,"minecraft:chest":15,"minecraft:shield":18,"minecraft:stone":32,"minecraft:iron_sword":97,"minecraft:iron_chestplate":3,"minecraft:carrot":40,"minecraft:iron_helmet":5,"biomesoplenty:jacaranda_sapling":20,"minecraft:bow":2,"minecraft:oak_sapling":1,"minecraft:furnace":1,"minecraft:egg":41,"minecraft:diorite":2,"minecraft:stone_pickaxe":2,"minecraft:diamond_axe":9,"minecraft:white_wool":4,"minecraft:blast_furnace":1,"minecraft:cobbled_deepslate_stairs":135,"biomesoplenty:jacaranda_planks":33,"minecraft:string":1,"minecraft:bread":33,"minecraft:brown_wool":1,"minecraft:iron_door":2,"minecraft:gravel":6,"minecraft:diamond_sword":45,"born_in_chaos_v1:mesh_door":2,"minecraft:bone_meal":63,"minecraft:rose_bush":12,"minecraft:stone_sword":104,"born_in_chaos_v1:ethereal_spirit":1,"minecraft:spruce_planks":30,"minecraft:cooked_chicken":12,"minecraft:torch":488,"minecraft:dirt":777,"minecraft:anvil":1,"minecraft:stone_stairs":1,"minecraft:granite":1,"minecraft:iron_axe":143,"minecraft:spruce_button":3,"minecraft:iron_boots":6,"minecraft:bamboo":18,"minecraft:diamond_chestplate":1,"minecraft:cooked_beef":38,"minecraft:cobbled_deepslate":321,"minecraft:iron_leggings":4,"minecraft:calcite":1,"minecraft:wheat_seeds":389,"minecraft:cooked_mutton":21,"minecraft:cobblestone_stairs":100,"minecraft:polished_andesite":1,"minecraft:cobblestone_slab":6,"minecraft:mossy_cobblestone":2,"minecraft:crafting_table":11,"minecraft:white_bed":21,"minecraft:painting":4,"minecraft:diamond_pickaxe":3370,"minecraft:diamond_shovel":107,"minecraft:iron_pickaxe":2833,"minecraft:spruce_sapling":1,"minecraft:cobblestone":433,"minecraft:cobbled_deepslate_slab":3,"minecraft:cooked_porkchop":39,"minecraft:glass_pane":7,"dixtas_armory:iron_battle_axe":93},"minecraft:crafted":{"minecraft:cobblestone_slab":6,"minecraft:cooked_chicken":15,"minecraft:stone":30,"minecraft:cobblestone_stairs":164,"minecraft:diamond_shovel":1,"dixtas_armory:iron_battle_axe":1,"minecraft:bookshelf":29,"minecraft:cooked_mutton":35,"minecraft:diamond_helmet":1,"minecraft:diamond_leggings":1,"minecraft:bow":1,"minecraft:iron_boots":4,"biomesoplenty:hellbark_planks":4,"minecraft:chest":12,"minecraft:iron_door":3,"biomesoplenty:jacaranda_planks":32,"minecraft:cooked_porkchop":54,"minecraft:diamond_axe":1,"minecraft:crafting_table":4,"minecraft:spruce_planks":436,"minecraft:iron_helmet":3,"minecraft:copper_ingot":16,"minecraft:painting":4,"minecraft:iron_chestplate":2,"minecraft:diamond_pickaxe":3,"minecraft:shield":2,"minecraft:stick":223,"minecraft:iron_ingot":171,"minecraft:iron_pickaxe":11,"minecraft:iron_block":3,"minecraft:gold_ingot":53,"minecraft:cobbled_deepslate_slab":6,"minecraft:raw_iron":18,"minecraft:spruce_button":2,"minecraft:furnace":1,"minecraft:bone_meal":66,"minecraft:glass_pane":32,"minecraft:iron_axe":2,"minecraft:ladder":12,"minecraft:stone_pickaxe":1,"minecraft:diamond_boots":1,"minecraft:cobbled_deepslate_stairs":144,"minecraft:dark_oak_planks":40,"minecraft:cooked_beef":38,"minecraft:diamond_sword":2,"minecraft:iron_sword":2,"minecraft:bread":22,"minecraft:air":0,"minecraft:iron_shovel":5,"minecraft:iron_leggings":1,"minecraft:anvil":1,"minecraft:torch":504,"minecraft:diamond_chestplate":1},"minecraft:picked_up":{"minecraft:iron_chestplate":19,"minecraft:wheat":229,"minecraft:diamond_sword":5,"born_in_chaos_v1:black_argillite":19,"minecraft:polished_deepslate":4,"minecraft:string":5,"born_in_chaos_v1:mesh_door":3,"minecraft:raw_copper":6,"minecraft:iron_leggings":17,"minecraft:oak_sign":4,"minecraft:deepslate_tiles":4,"minecraft:diamond_leggings":3,"minecraft:gold_nugget":18,"minecraft:cobbled_deepslate":5355,"minecraft:spruce_planks":128,"minecraft:rose_bush":12,"minecraft:cobblestone_slab":6,"minecraft:calcite":1,"minecraft:iron_pickaxe":12,"minecraft:iron_boots":16,"minecraft:stick":125,"minecraft:torch":217,"minecraft:acacia_log":4,"minecraft:porkchop":39,"minecraft:cherry_log":11,"minecraft:diorite":359,"minecraft:stone_sword":3,"deep_dark_regrowth:moonstone_crystal_block":92,"minecraft:rotten_flesh":80,"dixtas_armory:stone_shortsword":2,"minecraft:cobblestone":2224,"minecraft:birch_log":12,"minecraft:cooked_beef":94,"minecraft:feather":17,"fight_or_die:springer_fragment":2,"minecraft:iron_door":1,"minecraft:water_bucket":2,"minecraft:andesite":36,"minecraft:brown_wool":3,"minecraft:flint":46,"minecraft:tuff":562,"minecraft:lapis_lazuli":220,"minecraft:dirt":1441,"minecraft:lantern":2,"born_in_chaos_v1:monster_skin":3,"born_in_chaos_v1:marigolds":15,"minecraft:bone":60,"undead_revamp2:blacpetalblock":2,"minecraft:bow":13,"minecraft:wheat_seeds":686,"minecraft:raw_gold":42,"minecraft:cobbled_deepslate_slab":5,"deep_dark_regrowth:ghost_flowers":4,"minecraft:diamond_helmet":3,"minecraft:birch_hanging_sign":1,"minecraft:bamboo":515,"minecraft:oak_planks":316,"biomesoplenty:toadstool":2,"minecraft:cooked_porkchop":95,"deep_dark_regrowth:cobbled_grimstone":43,"minecraft:dark_oak_log":13,"minecraft:mossy_cobblestone":2,"biomesoplenty:hellbark_log":7,"minecraft:polished_andesite":1,"minecraft:diamond":141,"minecraft:soul_lantern":4,"minecraft:granite":38,"minecraft:bone_meal":10,"minecraft:spruce_button":1,"minecraft:bread":90,"minecraft:oak_sapling":1,"born_in_chaos_v1:rotten_fish":4,"minecraft:netherrack":157,"minecraft:diamond_pickaxe":14,"minecraft:crafting_table":11,"born_in_chaos_v1:diamond_termite_shard":9,"minecraft:chicken":16,"biomesoplenty:jacaranda_sapling":22,"minecraft:shield":20,"minecraft:stone_stairs":1,"minecraft:moss_carpet":8,"minecraft:iron_axe":21,"minecraft:iron_shovel":9,"minecraft:beef":70,"minecraft:light_gray_wool":2,"biomesoplenty:wildflower":12,"minecraft:sugar_cane":37,"minecraft:chest":3,"minecraft:egg":43,"fight_or_die:ripping_flesh":13,"minecraft:raw_iron":169,"minecraft:stone":2,"fight_or_die:rotten_brain":3,"born_in_chaos_v1:pieceofdarkmetal":2,"minecraft:carrot":47,"minecraft:redstone":378,"minecraft:arrow":21,"minecraft:diamond_chestplate":4,"biomesoplenty:jacaranda_log":16,"minecraft:shears":1,"minecraft:diamond_boots":3,"born_in_chaos_v1:spiny_shell":6,"minecraft:mutton":53,"minecraft:white_wool":7,"born_in_chaos_v1:fused_bone":6,"minecraft:cracked_deepslate_tiles":1,"born_in_chaos_v1:corpse_maggot":8,"born_in_chaos_v1:monster_flesh":1,"minecraft:leather":39,"minecraft:oak_log":104,"dixtas_armory:iron_battle_axe":4,"biomesoplenty:jacaranda_planks":1,"minecraft:cobbled_deepslate_stairs":2,"minecraft:gunpowder":2,"minecraft:cobblestone_stairs":89,"minecraft:cooked_mutton":48,"minecraft:gray_carpet":6,"minecraft:iron_ingot":63,"minecraft:stone_pickaxe":4,"minecraft:cooked_chicken":13,"minecraft:glass_bottle":3,"minecraft:iron_sword":11,"minecraft:book":283,"minecraft:oak_slab":6,"minecraft:quartz":63,"born_in_chaos_v1:ethereal_spirit":3,"minecraft:raw_iron_block":2,"minecraft:gravel":61,"minecraft:spruce_sapling":1,"minecraft:white_bed":21,"minecraft:blast_furnace":2,"minecraft:spruce_log":64,"minecraft:diamond_shovel":3,"biomesoplenty:bramble":1,"minecraft:slime_ball":18,"minecraft:iron_helmet":15,"minecraft:diamond_axe":3,"minecraft:cherry_sapling":12,"minecraft:black_wool":1,"minecraft:coal":610},"minecraft:killed_by":{"endofherobrine:cow":2,"undead_revamp2:the_moonflower":1,"fight_or_die:mutated_creeper":4,"fight_or_die:mutated_villager":2,"minecraft:player":1,"fight_or_die:mutated_enderman":3,"fight_or_die:springer":3,"born_in_chaos_v1:corpse_fish":1,"fight_or_die:mutated_sheep":1,"cave_dweller:cave_dweller":3},"minecraft:mined":{"minecraft:spruce_planks":3,"minecraft:white_bed":9,"minecraft:cobbled_deepslate_stairs":2,"minecraft:cherry_log":11,"minecraft:cobblestone_stairs":6,"minecraft:granite":39,"biomesoplenty:bramble":2,"minecraft:grass_block":599,"minecraft:polished_diorite":1,"biomesoplenty:bramble_leaves":3,"minecraft:raw_iron_block":2,"fight_or_die:blood_splash1":8,"minecraft:iron_ore":66,"minecraft:cobbled_deepslate":87,"minecraft:fire":40,"minecraft:deepslate_lapis_ore":10,"biomesoplenty:hellbark_log":7,"biomesoplenty:webbing":1,"biomesoplenty:jacaranda_leaves":94,"minecraft:deepslate_redstone_ore":50,"biomesoplenty:jacaranda_planks":1,"biomesoplenty:wildflower":5,"minecraft:soul_lantern":1,"born_in_chaos_v1:infected_deepslate_diamond_ore":2,"minecraft:torch":3,"minecraft:calcite":1,"minecraft:chest":3,"minecraft:nether_quartz_ore":29,"minecraft:cobblestone":96,"minecraft:sugar_cane":13,"minecraft:wall_torch":30,"minecraft:stone_stairs":1,"minecraft:wheat":232,"minecraft:grass":295,"minecraft:cracked_deepslate_tiles":1,"minecraft:oak_log":52,"minecraft:dirt":526,"minecraft:netherrack":163,"minecraft:oak_leaves":24,"minecraft:deepslate":3706,"minecraft:nether_gold_ore":1,"minecraft:deepslate_tiles":7,"minecraft:tuff":419,"deep_dark_regrowth:grimstone_7":3,"deep_dark_regrowth:grimstone_5":3,"deep_dark_regrowth:grimstone_4":3,"minecraft:mossy_cobblestone":4,"minecraft:deepslate_diamond_ore":57,"deep_dark_regrowth:grimstone_8":8,"minecraft:cherry_sapling":2,"biomesoplenty:desert_grass":54,"born_in_chaos_v1:infected_diamond_ore":2,"minecraft:dark_oak_fence":3,"minecraft:cobbled_deepslate_slab":1,"born_in_chaos_v1:black_argillite":1,"minecraft:spruce_leaves":7,"biomesoplenty:dead_grass":3,"biomesoplenty:jacaranda_log":15,"minecraft:carrots":11,"minecraft:andesite":37,"minecraft:polished_deepslate":4,"minecraft:bookshelf":25,"minecraft:deepslate_iron_ore":34,"minecraft:cobblestone_slab":6,"minecraft:bamboo_sapling":2,"minecraft:stone":1109,"born_in_chaos_v1:mesh_door":1,"minecraft:scaffolding":1,"minecraft:glass_pane":1,"minecraft:crafting_table":8,"minecraft:spruce_button":1,"endofherobrine:glowing_obsidian":1,"minecraft:tall_grass":3,"minecraft:copper_ore":1,"biomesoplenty:sprout":3,"minecraft:lapis_ore":8,"minecraft:deepslate_gold_ore":21,"minecraft:diorite":30,"minecraft:spruce_log":3,"minecraft:birch_leaves":1,"fight_or_die:blood_splash2":16,"deep_dark_regrowth:moonstone_crystal_block":1,"minecraft:coal_ore":134,"minecraft:cherry_leaves":79,"minecraft:gravel":102,"minecraft:gray_carpet":1,"biomesoplenty:stringy_cobweb":1,"minecraft:cobweb":1,"minecraft:polished_andesite":1},"minecraft:broken":{"minecraft:iron_shovel":4,"minecraft:iron_leggings":1,"minecraft:iron_pickaxe":11}},"DataVersion":3465}