{"stats":{"minecraft:custom":{"minecraft:animals_bred":24,"minecraft:interact_with_crafting_table":88,"minecraft:open_barrel":5,"minecraft:bell_ring":13,"minecraft:leave_game":9,"minecraft:time_since_death":361966,"minecraft:sprint_one_cm":2399707,"minecraft:damage_blocked_by_shield":4518,"minecraft:drop":185,"minecraft:talked_to_villager":118,"minecraft:play_time":645332,"minecraft:deaths":13,"minecraft:jump":14088,"minecraft:walk_on_water_one_cm":35420,"minecraft:interact_with_furnace":20,"minecraft:traded_with_villager":89,"minecraft:sleep_in_bed":41,"minecraft:damage_dealt":31953,"minecraft:player_kills":2,"minecraft:crouch_one_cm":319291,"minecraft:interact_with_smoker":78,"minecraft:interact_with_smithing_table":4,"minecraft:mob_kills":267,"minecraft:climb_one_cm":374,"minecraft:walk_one_cm":1000156,"minecraft:sneak_time":81789,"minecraft:walk_under_water_one_cm":13736,"minecraft:boat_one_cm":9634,"minecraft:interact_with_blast_furnace":27,"minecraft:total_world_time":645332,"minecraft:pot_flower":1,"minecraft:time_since_rest":10966,"minecraft:damage_taken":86765,"minecraft:swim_one_cm":58077,"minecraft:fly_one_cm":3231997,"minecraft:open_chest":229,"minecraft:fall_one_cm":1124716},"minecraft:mined":{"minecraft:dark_oak_planks":2,"minecraft:spruce_planks":3,"minecraft:white_bed":7,"minecraft:oak_sapling":1,"minecraft:cobbled_deepslate_stairs":2,"minecraft:cobblestone_stairs":1,"minecraft:brewing_stand":1,"minecraft:spruce_trapdoor":11,"minecraft:granite":28,"minecraft:grass_block":612,"minecraft:cracked_polished_blackstone_bricks":37,"minecraft:composter":14,"minecraft:crimson_fungus":1,"minecraft:polished_blackstone_bricks":57,"minecraft:weeping_vines_plant":1,"minecraft:magma_block":2,"minecraft:glowstone":17,"minecraft:iron_ore":139,"minecraft:fire":8,"minecraft:barrel":6,"minecraft:fletching_table":2,"minecraft:deepslate_lapis_ore":21,"minecraft:water_cauldron":3,"minecraft:dirt_path":51,"minecraft:oak_stairs":5,"minecraft:spruce_pressure_plate":1,"minecraft:spruce_slab":2,"minecraft:deepslate_redstone_ore":38,"minecraft:blackstone":3,"minecraft:smoker":7,"minecraft:soul_fire":7,"minecraft:torch":4,"minecraft:blast_furnace":15,"minecraft:poppy":16,"minecraft:chest":2,"minecraft:nether_quartz_ore":43,"minecraft:cobblestone":23,"minecraft:oak_planks":5,"minecraft:wall_torch":4,"minecraft:yellow_wool":1,"minecraft:birch_log":90,"minecraft:wheat":128,"minecraft:blue_ice":1,"minecraft:lilac":1,"minecraft:oak_log":312,"minecraft:loom":2,"minecraft:sand":64,"minecraft:dirt":110,"minecraft:netherrack":119,"minecraft:oak_leaves":104,"minecraft:deepslate":292,"minecraft:red_carpet":4,"minecraft:tuff":14,"minecraft:deepslate_diamond_ore":43,"minecraft:nether_bricks":17,"minecraft:crimson_roots":4,"minecraft:weeping_vines":1,"minecraft:spruce_leaves":133,"minecraft:hay_block":74,"minecraft:spruce_sapling":1,"minecraft:furnace":2,"minecraft:carrots":25,"minecraft:andesite":17,"minecraft:gold_block":8,"minecraft:deepslate_iron_ore":69,"minecraft:lantern":1,"minecraft:stone":306,"minecraft:bone_block":3,"minecraft:white_wool":6,"minecraft:smithing_table":3,"minecraft:oak_slab":8,"minecraft:light_gray_carpet":3,"minecraft:glass_pane":1,"minecraft:soul_sand":20,"minecraft:basalt":2,"minecraft:dandelion":8,"minecraft:crafting_table":8,"minecraft:cornflower":1,"minecraft:short_grass":1019,"minecraft:tall_grass":112,"minecraft:deepslate_coal_ore":8,"minecraft:lapis_ore":12,"minecraft:deepslate_gold_ore":25,"minecraft:polished_blackstone_brick_stairs":2,"minecraft:diorite":1,"minecraft:spruce_stairs":18,"minecraft:birch_planks":36,"minecraft:white_carpet":9,"minecraft:spruce_log":263,"minecraft:birch_leaves":3,"minecraft:bee_nest":1,"minecraft:coal_ore":311,"minecraft:sunflower":1,"minecraft:gravel":6,"minecraft:gold_ore":1,"minecraft:fern":3},"minecraft:used":{"minecraft:iron_shovel":1002,"minecraft:spruce_slab":12,"minecraft:chest":26,"minecraft:shield":51,"minecraft:iron_sword":157,"minecraft:iron_chestplate":1,"minecraft:soul_sand":1,"minecraft:nether_bricks":17,"minecraft:carrot":60,"minecraft:tuff":4,"minecraft:snowball":16,"minecraft:glass":2,"minecraft:lantern":9,"minecraft:birch_sapling":2,"minecraft:iron_helmet":1,"minecraft:red_carpet":28,"minecraft:bow":13,"minecraft:oak_sapling":19,"minecraft:furnace":4,"minecraft:egg":1,"minecraft:diorite":4,"minecraft:stone_pickaxe":255,"minecraft:oak_planks":76,"minecraft:blackstone":3,"minecraft:wooden_pickaxe":38,"minecraft:leather_chestplate":1,"minecraft:composter":14,"minecraft:diamond_axe":102,"minecraft:oak_leaves":28,"minecraft:white_wool":6,"minecraft:sand":17,"minecraft:loom":2,"minecraft:blast_furnace":15,"minecraft:shears":54,"minecraft:cobbled_deepslate_stairs":89,"minecraft:bread":19,"minecraft:gravel":1,"minecraft:lilac":1,"minecraft:diamond_sword":174,"minecraft:smithing_table":3,"minecraft:andesite":2,"minecraft:bone_meal":15,"minecraft:stone_sword":131,"minecraft:spruce_planks":35,"minecraft:cooked_chicken":7,"minecraft:netherrack":36,"minecraft:torch":327,"minecraft:brewing_stand":2,"minecraft:dirt":565,"minecraft:wheat":53,"minecraft:spruce_stairs":155,"minecraft:golden_shovel":34,"minecraft:granite":3,"minecraft:spruce_fence":23,"minecraft:birch_door":2,"minecraft:iron_axe":700,"minecraft:oak_stairs":15,"minecraft:barrel":22,"minecraft:cooked_beef":41,"minecraft:cobbled_deepslate":45,"minecraft:wheat_seeds":286,"minecraft:cooked_mutton":20,"minecraft:water_bucket":39,"minecraft:cobblestone_stairs":1,"minecraft:birch_planks":263,"minecraft:baked_potato":22,"minecraft:cauldron":3,"minecraft:fletching_table":2,"minecraft:stonecutter":2,"minecraft:polished_blackstone_bricks":38,"minecraft:oak_slab":17,"minecraft:crafting_table":14,"minecraft:white_bed":13,"minecraft:painting":33,"minecraft:spruce_log":8,"minecraft:smoker":9,"minecraft:oak_log":159,"minecraft:diamond_pickaxe":906,"minecraft:apple":6,"minecraft:oxeye_daisy":1,"minecraft:sunflower":14,"minecraft:cracked_polished_blackstone_bricks":26,"minecraft:iron_pickaxe":500,"minecraft:spruce_pressure_plate":1,"minecraft:spruce_trapdoor":47,"minecraft:spruce_sapling":34,"minecraft:stone_axe":174,"minecraft:cobblestone":269,"minecraft:porkchop":1,"minecraft:cooked_porkchop":33,"minecraft:bucket":40,"minecraft:glass_pane":52,"minecraft:dandelion":2},"minecraft:crafted":{"minecraft:oak_planks":560,"minecraft:chainmail_helmet":1,"minecraft:barrel":16,"minecraft:cooked_chicken":7,"minecraft:birch_slab":12,"minecraft:cooked_mutton":20,"minecraft:spruce_pressure_plate":12,"minecraft:glass":20,"minecraft:diamond_helmet":1,"minecraft:diamond_leggings":2,"minecraft:iron_boots":1,"minecraft:chest":24,"minecraft:birch_door":3,"minecraft:smoker":2,"minecraft:oak_slab":48,"minecraft:emerald":61,"minecraft:cooked_porkchop":124,"minecraft:diamond_axe":1,"minecraft:crafting_table":7,"minecraft:spruce_planks":536,"minecraft:iron_helmet":3,"minecraft:wooden_pickaxe":1,"minecraft:baked_potato":22,"minecraft:chainmail_chestplate":8,"minecraft:red_wool":16,"minecraft:birch_planks":360,"minecraft:painting":8,"minecraft:spruce_trapdoor":36,"minecraft:iron_chestplate":1,"minecraft:diamond_pickaxe":2,"minecraft:shield":2,"minecraft:stick":700,"minecraft:iron_ingot":86,"minecraft:iron_pickaxe":2,"minecraft:stone_sword":1,"minecraft:gold_ingot":45,"minecraft:shears":1,"minecraft:iron_nugget":72,"minecraft:furnace":4,"minecraft:bone_meal":9,"minecraft:spruce_fence":33,"minecraft:glass_pane":80,"minecraft:lantern":8,"minecraft:spruce_stairs":144,"minecraft:iron_axe":4,"minecraft:spruce_slab":12,"minecraft:stone_pickaxe":2,"minecraft:diamond_boots":2,"minecraft:cobbled_deepslate_stairs":88,"minecraft:wheat":666,"minecraft:cooked_beef":41,"minecraft:red_dye":16,"minecraft:diamond_sword":1,"minecraft:iron_sword":2,"minecraft:bucket":1,"minecraft:red_carpet":24,"minecraft:stone_axe":2,"minecraft:air":0,"minecraft:chainmail_boots":10,"minecraft:oak_stairs":16,"minecraft:iron_shovel":4,"minecraft:white_bed":6,"minecraft:torch":396,"minecraft:diamond_chestplate":1},"minecraft:picked_up":{"minecraft:wooden_axe":2,"minecraft:iron_chestplate":1,"minecraft:wheat":133,"minecraft:yellow_wool":1,"minecraft:smithing_table":3,"minecraft:oak_stairs":5,"minecraft:brewing_stand":1,"minecraft:string":87,"minecraft:diamond_leggings":3,"minecraft:cobbled_deepslate":344,"minecraft:spruce_planks":62,"minecraft:iron_pickaxe":3,"minecraft:furnace":2,"minecraft:iron_boots":1,"minecraft:golden_helmet":1,"minecraft:spruce_pressure_plate":1,"minecraft:stick":48,"minecraft:composter":14,"minecraft:torch":70,"minecraft:spruce_stairs":18,"minecraft:porkchop":169,"minecraft:diorite":5,"minecraft:warped_planks":6,"minecraft:cauldron":3,"minecraft:stone_sword":4,"minecraft:rotten_flesh":28,"minecraft:blaze_rod":4,"minecraft:snowball":16,"minecraft:cobblestone":465,"minecraft:birch_log":90,"minecraft:magma_block":2,"minecraft:feather":14,"minecraft:lilac":1,"minecraft:magma_cream":37,"minecraft:water_bucket":2,"minecraft:andesite":19,"minecraft:smoker":7,"minecraft:potato":2,"minecraft:flint":3,"minecraft:tuff":10,"minecraft:lapis_lazuli":214,"minecraft:dirt":797,"minecraft:lantern":1,"minecraft:glass":44,"minecraft:bone":41,"minecraft:bow":9,"minecraft:wheat_seeds":504,"minecraft:raw_gold":26,"minecraft:diamond_helmet":1,"minecraft:fletching_table":2,"minecraft:glowstone_dust":50,"minecraft:oak_planks":104,"minecraft:cooked_porkchop":27,"minecraft:sand":141,"minecraft:loom":2,"minecraft:barrel":6,"minecraft:diamond":48,"minecraft:cracked_polished_blackstone_bricks":35,"minecraft:granite":29,"minecraft:bone_meal":9,"minecraft:emerald":12,"minecraft:oak_sapling":19,"minecraft:light_gray_carpet":3,"minecraft:netherrack":101,"minecraft:oak_leaves":54,"minecraft:crimson_roots":4,"minecraft:diamond_pickaxe":3,"minecraft:crafting_table":8,"minecraft:azure_bluet":3,"minecraft:chicken":7,"minecraft:nether_wart":39,"minecraft:gold_block":6,"minecraft:shield":3,"minecraft:cornflower":1,"minecraft:flint_and_steel":1,"minecraft:white_carpet":9,"minecraft:blackstone":3,"minecraft:beef":63,"minecraft:poppy":17,"minecraft:iron_nugget":2,"minecraft:spruce_slab":4,"minecraft:sugar_cane":6,"minecraft:chest":2,"minecraft:birch_sapling":2,"minecraft:spruce_trapdoor":11,"minecraft:egg":1,"minecraft:raw_iron":258,"minecraft:polished_blackstone_bricks":46,"minecraft:carrot":100,"minecraft:redstone":206,"minecraft:dark_oak_planks":2,"minecraft:arrow":48,"minecraft:stone_shovel":5,"minecraft:nether_bricks":17,"minecraft:hay_block":74,"minecraft:mutton":27,"minecraft:bone_block":3,"minecraft:white_wool":54,"minecraft:oxeye_daisy":1,"minecraft:leather":36,"minecraft:filled_map":3,"minecraft:birch_planks":39,"minecraft:crimson_fungus":1,"minecraft:oak_log":320,"minecraft:cobbled_deepslate_stairs":2,"minecraft:gunpowder":4,"minecraft:cobblestone_stairs":1,"minecraft:red_carpet":4,"minecraft:apple":5,"minecraft:iron_ingot":50,"minecraft:stone_pickaxe":3,"minecraft:iron_sword":3,"minecraft:soul_sand":20,"minecraft:oak_slab":15,"minecraft:quartz":43,"minecraft:dandelion":10,"minecraft:gravel":5,"minecraft:spruce_sapling":35,"minecraft:blast_furnace":15,"minecraft:white_bed":7,"minecraft:spruce_log":288,"minecraft:spider_eye":4,"minecraft:leather_helmet":1,"minecraft:stone_axe":3,"minecraft:iron_helmet":3,"minecraft:painting":24,"minecraft:gray_wool":1,"minecraft:warped_roots":2,"minecraft:baked_potato":13,"minecraft:coal":445,"minecraft:sunflower":15,"minecraft:ender_pearl":3},"minecraft:killed_by":{"minecraft:creeper":2,"minecraft:player":1,"minecraft:spider":1,"minecraft:skeleton":1},"minecraft:killed":{"minecraft:spider":7,"minecraft:skeleton":22,"minecraft:chicken":7,"minecraft:piglin_brute":3,"minecraft:magma_cube":62,"minecraft:piglin":7,"minecraft:pig":72,"minecraft:zombie_villager":1,"minecraft:iron_golem":1,"minecraft:creeper":3,"minecraft:sheep":16,"minecraft:zombie":25,"minecraft:cow":22,"minecraft:blaze":9,"minecraft:hoglin":1,"minecraft:wither_skeleton":5},"minecraft:broken":{"minecraft:golden_helmet":1,"minecraft:iron_shovel":3,"minecraft:golden_shovel":1,"minecraft:stone_pickaxe":1,"minecraft:stone_axe":1,"minecraft:shield":1,"minecraft:iron_axe":2,"minecraft:iron_pickaxe":2},"minecraft:dropped":{"minecraft:iron_sword":1,"minecraft:porkchop":5,"minecraft:cooked_porkchop":32,"minecraft:warped_roots":2,"minecraft:leather":2,"minecraft:leather_helmet":1,"minecraft:flint":1,"minecraft:emerald":2,"minecraft:cornflower":1,"minecraft:crimson_roots":4,"minecraft:sunflower":1,"minecraft:white_wool":3,"minecraft:bone":12,"minecraft:stone_axe":1,"minecraft:crimson_fungus":1,"minecraft:sugar_cane":6,"minecraft:iron_nugget":6,"minecraft:wheat":11,"minecraft:yellow_wool":1,"minecraft:rotten_flesh":7,"minecraft:azure_bluet":3,"minecraft:chainmail_chestplate":8,"minecraft:poppy":1,"minecraft:leather_chestplate":1,"minecraft:gunpowder":1,"minecraft:spruce_pressure_plate":12,"minecraft:leather_boots":1,"minecraft:chainmail_boots":10,"minecraft:netherrack":9,"minecraft:wheat_seeds":92,"minecraft:golden_helmet":1,"minecraft:cobbled_deepslate_stairs":1,"minecraft:golden_horse_armor":3,"minecraft:apple":3,"minecraft:chainmail_helmet":1,"minecraft:stick":4,"minecraft:gray_wool":1,"minecraft:torch":1,"minecraft:wooden_axe":1,"minecraft:diamond_helmet":1,"minecraft:oak_stairs":3,"minecraft:iron_axe":1,"minecraft:spruce_sapling":1,"minecraft:dandelion":7,"minecraft:stone_sword":2,"minecraft:tuff":1,"minecraft:stone_shovel":1,"minecraft:white_carpet":9,"minecraft:spruce_planks":1,"minecraft:diamond_pickaxe":2,"minecraft:golden_sword":1,"minecraft:spider_eye":1,"minecraft:wooden_pickaxe":1}},"DataVersion":3953}