{"stats":{"minecraft:dropped":{"minecraft:wheat_seeds":9,"minecraft:feather":1,"minecraft:dirt":3,"minecraft:cherry_door":1,"minecraft:stone_axe":1,"minecraft:chicken":1,"minecraft:rotten_flesh":2,"minecraft:polished_deepslate_stairs":1,"minecraft:peony":1,"minecraft:andesite":5,"minecraft:spider_eye":2,"minecraft:stone_pickaxe":1,"minecraft:red_tulip":1},"minecraft:custom":{"minecraft:mob_kills":66,"minecraft:interact_with_crafting_table":17,"minecraft:open_barrel":15,"minecraft:leave_game":12,"minecraft:time_since_death":156364,"minecraft:climb_one_cm":796,"minecraft:sprint_one_cm":555555,"minecraft:walk_one_cm":281637,"minecraft:damage_blocked_by_shield":120,"minecraft:drop":20,"minecraft:damage_dealt_absorbed":72,"minecraft:talked_to_villager":1,"minecraft:play_time":156364,"minecraft:sneak_time":14696,"minecraft:walk_under_water_one_cm":3993,"minecraft:jump":2184,"minecraft:walk_on_water_one_cm":5741,"minecraft:total_world_time":156364,"minecraft:interact_with_furnace":12,"minecraft:sleep_in_bed":7,"minecraft:time_since_rest":5568,"minecraft:damage_taken":1708,"minecraft:damage_dealt":7231,"minecraft:swim_one_cm":6639,"minecraft:fly_one_cm":399162,"minecraft:open_chest":36,"minecraft:crouch_one_cm":51436,"tombstone:undead_killed":8,"minecraft:interact_with_smoker":14,"minecraft:fall_one_cm":47846,"minecraft:horse_one_cm":14705},"minecraft:picked_up":{"minecraft:crafting_table":2,"minecraft:chicken":1,"minecraft:leather_leggings":1,"minecraft:diamond_sword":1,"minecraft:string":20,"minecraft:cobbled_deepslate":257,"minecraft:beef":36,"minecraft:poppy":2,"minecraft:egg":4,"minecraft:furnace":1,"minecraft:raw_iron":83,"minecraft:polished_deepslate_stairs":1,"minecraft:torch":4,"minecraft:porkchop":6,"minecraft:cherry_log":56,"tombstone:grave_dust":1,"minecraft:rotten_flesh":7,"minecraft:arrow":8,"minecraft:peony":1,"minecraft:hay_block":11,"minecraft:red_tulip":1,"minecraft:bookshelf":7,"sophisticatedbackpacks:copper_backpack":1,"minecraft:mutton":11,"minecraft:cobblestone":138,"minecraft:white_wool":7,"minecraft:pink_petals":1,"minecraft:feather":1,"minecraft:andesite":7,"minecraft:leather":14,"minecraft:smoker":1,"minecraft:gunpowder":8,"minecraft:lapis_lazuli":71,"minecraft:cherry_door":1,"minecraft:dirt":29,"minecraft:birch_pressure_plate":1,"minecraft:bone":6,"minecraft:wheat_seeds":93,"minecraft:bamboo":45,"minecraft:book":11,"minecraft:dandelion":2,"minecraft:gravel":3,"minecraft:white_bed":4,"minecraft:spider_eye":14,"minecraft:slime_ball":20,"croptopia:orange":8,"minecraft:cherry_sapling":1,"minecraft:bread":7,"minecraft:coal":62},"minecraft:crafted":{"minecraft:cherry_planks":56,"minecraft:cherry_wood":3,"minecraft:furnace":2,"minecraft:bone_meal":6,"minecraft:cooked_mutton":13,"minecraft:iron_boots":1,"minecraft:iron_axe":1,"minecraft:stone_pickaxe":1,"minecraft:smoker":1,"minecraft:wheat":99,"minecraft:cooked_beef":36,"minecraft:crafting_table":3,"minecraft:bucket":1,"minecraft:stone_axe":1,"minecraft:bread":33,"minecraft:air":0,"minecraft:cherry_sign":3,"minecraft:shield":1,"minecraft:stick":40,"minecraft:iron_ingot":45,"minecraft:iron_pickaxe":3,"minecraft:cherry_door":3,"minecraft:iron_leggings":1,"minecraft:torch":104},"minecraft:mined":{"minecraft:white_bed":4,"minecraft:cherry_log":56,"minecraft:grass_block":3,"minecraft:spawner":2,"minecraft:hay_block":11,"minecraft:furnace":1,"minecraft:iron_ore":24,"minecraft:cobbled_deepslate":4,"minecraft:andesite":7,"minecraft:deepslate_lapis_ore":10,"minecraft:peony":2,"minecraft:red_tulip":1,"minecraft:deepslate_iron_ore":60,"minecraft:vine":1,"minecraft:bamboo_sapling":2,"minecraft:bamboo":5,"lucky:lucky_block":3,"minecraft:stone":130,"minecraft:polished_deepslate_stairs":1,"minecraft:smoker":1,"minecraft:dandelion":2,"minecraft:crafting_table":2,"minecraft:torch":3,"minecraft:poppy":2,"minecraft:tall_grass":166,"minecraft:cobblestone":6,"minecraft:lapis_ore":1,"minecraft:wall_torch":1,"minecraft:pink_petals":1,"minecraft:cherry_door":1,"minecraft:grass":684,"minecraft:coal_ore":62,"minecraft:cherry_leaves":7,"minecraft:gravel":3,"minecraft:dirt":11,"minecraft:cobweb":2,"minecraft:oak_leaves":2,"minecraft:deepslate":257},"minecraft:broken":{"minecraft:iron_pickaxe":2},"minecraft:used":{"minecraft:cherry_sapling":1,"minecraft:poppy":2,"minecraft:shield":2,"minecraft:iron_sword":97,"minecraft:iron_chestplate":1,"minecraft:torch":118,"minecraft:dirt":3,"minecraft:iron_axe":49,"minecraft:iron_helmet":1,"minecraft:bamboo":45,"minecraft:furnace":1,"minecraft:egg":2,"minecraft:cooked_beef":7,"minecraft:cobbled_deepslate":57,"minecraft:iron_leggings":1,"minecraft:stone_pickaxe":86,"minecraft:glow_item_frame":1,"minecraft:crafting_table":5,"minecraft:white_bed":4,"minecraft:smoker":1,"minecraft:cherry_door":3,"minecraft:bread":41,"minecraft:iron_pickaxe":493,"minecraft:cherry_sign":3,"minecraft:stone_axe":6,"minecraft:pink_petals":1,"minecraft:diamond_sword":90,"minecraft:cobblestone":118,"minecraft:bucket":1,"minecraft:andesite":64,"minecraft:dandelion":2,"minecraft:bone_meal":6},"minecraft:killed":{"minecraft:cave_spider":2,"minecraft:spider":8,"minecraft:slime":14,"minecraft:skeleton":3,"minecraft:chicken":1,"minecraft:pig":3,"minecraft:creeper":7,"minecraft:sheep":7,"minecraft:zombie":5,"minecraft:cow":16}},"DataVersion":3465}