{"stats":{"minecraft:custom":{"minecraft:animals_bred":40,"minecraft:interact_with_crafting_table":94,"minecraft:open_barrel":16,"minecraft:bell_ring":14,"minecraft:leave_game":9,"minecraft:time_since_death":457966,"minecraft:sprint_one_cm":2859293,"minecraft:damage_blocked_by_shield":4518,"minecraft:drop":225,"minecraft:talked_to_villager":141,"minecraft:play_time":741332,"minecraft:deaths":13,"minecraft:jump":16723,"minecraft:walk_on_water_one_cm":42300,"minecraft:enchant_item":4,"minecraft:interact_with_furnace":22,"minecraft:traded_with_villager":165,"minecraft:sleep_in_bed":43,"minecraft:damage_dealt":49468,"minecraft:player_kills":2,"minecraft:crouch_one_cm":353581,"minecraft:interact_with_smoker":85,"minecraft:inspect_dispenser":13,"minecraft:interact_with_smithing_table":4,"minecraft:mob_kills":363,"minecraft:climb_one_cm":5842,"minecraft:walk_one_cm":1174726,"minecraft:raid_win":1,"minecraft:sneak_time":91084,"minecraft:walk_under_water_one_cm":19484,"minecraft:boat_one_cm":9634,"minecraft:interact_with_blast_furnace":39,"minecraft:total_world_time":741332,"minecraft:raid_trigger":1,"minecraft:pot_flower":1,"minecraft:time_since_rest":8304,"minecraft:damage_taken":89708,"minecraft:swim_one_cm":60989,"minecraft:fly_one_cm":3791581,"minecraft:open_chest":334,"minecraft:fall_one_cm":1191527},"minecraft:mined":{"minecraft:dark_oak_planks":2,"minecraft:spruce_planks":3,"minecraft:white_bed":7,"minecraft:oak_sapling":1,"minecraft:cobbled_deepslate_stairs":2,"minecraft:cobblestone_stairs":1,"minecraft:brewing_stand":1,"minecraft:spruce_trapdoor":11,"minecraft:granite":28,"minecraft:grass_block":687,"minecraft:cracked_polished_blackstone_bricks":37,"minecraft:composter":14,"minecraft:crimson_fungus":1,"minecraft:tuff_bricks":4,"minecraft:spawner":1,"minecraft:polished_blackstone_bricks":57,"minecraft:weeping_vines_plant":1,"minecraft:magma_block":2,"minecraft:glowstone":17,"minecraft:cobbled_deepslate":6,"minecraft:iron_ore":139,"minecraft:fire":9,"minecraft:barrel":6,"minecraft:polished_tuff":1,"minecraft:waxed_oxidized_copper_bulb":1,"minecraft:fletching_table":2,"minecraft:deepslate_lapis_ore":23,"minecraft:water_cauldron":3,"minecraft:dirt_path":51,"minecraft:oak_stairs":5,"minecraft:spruce_pressure_plate":1,"minecraft:spruce_slab":2,"minecraft:deepslate_redstone_ore":81,"minecraft:blackstone":3,"minecraft:smoker":7,"minecraft:soul_fire":7,"minecraft:torch":4,"minecraft:blast_furnace":15,"minecraft:poppy":16,"minecraft:chest":2,"minecraft:nether_quartz_ore":43,"minecraft:cobblestone":24,"minecraft:oak_planks":5,"minecraft:wall_torch":8,"minecraft:yellow_wool":1,"minecraft:birch_log":90,"minecraft:wheat":187,"minecraft:blue_ice":1,"minecraft:lilac":1,"minecraft:oak_log":312,"minecraft:loom":2,"minecraft:sand":64,"minecraft:dirt":113,"minecraft:netherrack":123,"minecraft:oak_leaves":104,"minecraft:deepslate":325,"minecraft:red_carpet":4,"minecraft:tuff":20,"minecraft:deepslate_diamond_ore":50,"minecraft:nether_bricks":17,"minecraft:decorated_pot":19,"minecraft:crimson_roots":4,"minecraft:weeping_vines":1,"minecraft:spruce_leaves":133,"minecraft:hay_block":74,"minecraft:spruce_sapling":1,"minecraft:furnace":2,"minecraft:carrots":39,"minecraft:andesite":17,"minecraft:gold_block":8,"minecraft:deepslate_iron_ore":129,"minecraft:lantern":1,"minecraft:stone":306,"minecraft:bone_block":3,"minecraft:white_wool":6,"minecraft:smithing_table":3,"minecraft:oak_slab":8,"minecraft:light_gray_carpet":3,"minecraft:glass_pane":1,"minecraft:soul_sand":20,"minecraft:basalt":2,"minecraft:dandelion":8,"minecraft:crafting_table":8,"minecraft:cornflower":1,"minecraft:short_grass":1027,"minecraft:tall_grass":114,"minecraft:deepslate_coal_ore":8,"minecraft:lapis_ore":12,"minecraft:deepslate_gold_ore":39,"minecraft:polished_blackstone_brick_stairs":2,"minecraft:diorite":1,"minecraft:spruce_stairs":18,"minecraft:birch_planks":38,"minecraft:white_carpet":9,"minecraft:spruce_log":263,"minecraft:birch_leaves":3,"minecraft:bee_nest":1,"minecraft:coal_ore":311,"minecraft:flower_pot":1,"minecraft:sunflower":1,"minecraft:gravel":8,"minecraft:gold_ore":1,"minecraft:fern":3},"minecraft:used":{"minecraft:iron_shovel":1081,"minecraft:spruce_slab":12,"minecraft:chest":26,"minecraft:shield":51,"minecraft:iron_sword":157,"minecraft:iron_chestplate":1,"minecraft:soul_sand":1,"minecraft:nether_bricks":17,"minecraft:carrot":101,"minecraft:tuff":4,"minecraft:snowball":16,"minecraft:glass":2,"minecraft:lantern":9,"minecraft:birch_sapling":2,"minecraft:iron_helmet":1,"minecraft:red_carpet":28,"minecraft:bow":66,"minecraft:ominous_bottle":1,"minecraft:oak_sapling":19,"minecraft:furnace":4,"minecraft:egg":1,"minecraft:diorite":4,"minecraft:stone_pickaxe":255,"minecraft:oak_planks":76,"minecraft:blackstone":3,"minecraft:wooden_pickaxe":38,"minecraft:leather_chestplate":1,"minecraft:composter":14,"minecraft:diamond_axe":116,"minecraft:oak_leaves":28,"minecraft:white_wool":6,"minecraft:sand":17,"minecraft:loom":2,"minecraft:blast_furnace":15,"minecraft:shears":54,"minecraft:cobbled_deepslate_stairs":89,"minecraft:bread":19,"minecraft:gravel":1,"minecraft:lilac":1,"minecraft:diamond_sword":436,"minecraft:smithing_table":3,"minecraft:andesite":2,"minecraft:bone_meal":15,"minecraft:stone_sword":131,"minecraft:spruce_planks":35,"minecraft:cooked_chicken":7,"minecraft:trial_key":3,"minecraft:netherrack":94,"minecraft:torch":415,"minecraft:brewing_stand":2,"minecraft:dirt":685,"minecraft:wheat":53,"minecraft:spruce_stairs":155,"minecraft:golden_shovel":34,"minecraft:granite":3,"minecraft:spruce_fence":23,"minecraft:birch_door":2,"minecraft:iron_axe":700,"minecraft:oak_stairs":15,"minecraft:barrel":22,"minecraft:cooked_beef":41,"minecraft:cobbled_deepslate":100,"minecraft:wheat_seeds":362,"minecraft:cooked_mutton":20,"minecraft:water_bucket":51,"minecraft:cobblestone_stairs":1,"minecraft:birch_planks":263,"minecraft:baked_potato":22,"minecraft:cauldron":3,"minecraft:fletching_table":2,"minecraft:stonecutter":2,"minecraft:polished_blackstone_bricks":38,"minecraft:oak_slab":17,"minecraft:crafting_table":15,"minecraft:white_bed":13,"minecraft:painting":33,"minecraft:spruce_log":8,"minecraft:smoker":9,"minecraft:oak_log":159,"minecraft:diamond_pickaxe":1091,"minecraft:apple":6,"minecraft:oxeye_daisy":1,"minecraft:wind_charge":1,"minecraft:sunflower":14,"minecraft:cracked_polished_blackstone_bricks":26,"minecraft:iron_pickaxe":500,"minecraft:spruce_pressure_plate":1,"minecraft:spruce_trapdoor":47,"minecraft:spruce_sapling":34,"minecraft:stone_axe":174,"minecraft:cobblestone":270,"minecraft:white_banner":4,"minecraft:porkchop":1,"minecraft:cooked_porkchop":73,"minecraft:bucket":52,"minecraft:glass_pane":52,"minecraft:dandelion":2},"minecraft:crafted":{"minecraft:oak_planks":560,"minecraft:chainmail_helmet":1,"minecraft:barrel":16,"minecraft:cooked_chicken":7,"minecraft:birch_slab":12,"minecraft:cooked_mutton":20,"minecraft:spruce_pressure_plate":12,"minecraft:glass":20,"minecraft:bow":1,"minecraft:diamond_helmet":2,"minecraft:diamond_leggings":3,"minecraft:iron_boots":1,"minecraft:chest":24,"minecraft:birch_door":3,"minecraft:smoker":2,"minecraft:oak_slab":48,"minecraft:emerald":142,"minecraft:cooked_porkchop":163,"minecraft:diamond_axe":1,"minecraft:crafting_table":8,"minecraft:spruce_planks":608,"minecraft:iron_helmet":3,"minecraft:wooden_pickaxe":1,"minecraft:baked_potato":22,"minecraft:chainmail_chestplate":8,"minecraft:red_wool":16,"minecraft:birch_planks":360,"minecraft:painting":8,"minecraft:spruce_trapdoor":36,"minecraft:iron_chestplate":1,"minecraft:diamond_pickaxe":5,"minecraft:shield":3,"minecraft:stick":836,"minecraft:iron_ingot":165,"minecraft:iron_pickaxe":2,"minecraft:stone_sword":1,"minecraft:gold_ingot":77,"minecraft:shears":1,"minecraft:iron_nugget":72,"minecraft:furnace":4,"minecraft:bone_meal":9,"minecraft:spruce_fence":33,"minecraft:glass_pane":80,"minecraft:lantern":8,"minecraft:spruce_stairs":144,"minecraft:iron_axe":4,"minecraft:spruce_slab":12,"minecraft:stone_pickaxe":2,"minecraft:diamond_boots":3,"minecraft:cobbled_deepslate_stairs":88,"minecraft:wheat":666,"minecraft:cooked_beef":41,"minecraft:red_dye":16,"minecraft:diamond_sword":1,"minecraft:iron_sword":2,"minecraft:bucket":1,"minecraft:red_carpet":24,"minecraft:stone_axe":2,"minecraft:air":0,"minecraft:chainmail_boots":10,"minecraft:oak_stairs":16,"minecraft:iron_shovel":5,"minecraft:white_bed":6,"minecraft:torch":428,"minecraft:diamond_chestplate":2},"minecraft:picked_up":{"minecraft:wooden_axe":2,"minecraft:iron_chestplate":1,"minecraft:wheat":192,"minecraft:chainmail_boots":1,"minecraft:yellow_wool":1,"minecraft:smithing_table":3,"minecraft:oak_stairs":5,"minecraft:potion":1,"minecraft:enchanted_book":1,"minecraft:brewing_stand":1,"minecraft:string":819,"minecraft:diamond_leggings":3,"minecraft:cobbled_deepslate":396,"minecraft:spruce_planks":62,"minecraft:trial_key":3,"minecraft:iron_pickaxe":3,"minecraft:furnace":2,"minecraft:iron_boots":1,"minecraft:tipped_arrow":8,"minecraft:golden_helmet":1,"minecraft:spruce_pressure_plate":1,"minecraft:stick":52,"minecraft:composter":14,"minecraft:torch":78,"minecraft:spruce_stairs":18,"minecraft:porkchop":190,"minecraft:diorite":5,"minecraft:warped_planks":6,"minecraft:cauldron":3,"minecraft:honey_bottle":1,"minecraft:stone_sword":4,"minecraft:rotten_flesh":68,"minecraft:blaze_rod":4,"minecraft:snowball":16,"minecraft:cobblestone":466,"minecraft:birch_log":90,"minecraft:magma_block":2,"minecraft:feather":14,"minecraft:lilac":1,"minecraft:magma_cream":37,"minecraft:water_bucket":2,"minecraft:andesite":19,"minecraft:smoker":7,"minecraft:potato":2,"minecraft:flint":3,"minecraft:tuff":17,"minecraft:lapis_lazuli":226,"minecraft:dirt":876,"minecraft:lantern":1,"minecraft:glass":44,"minecraft:bone":65,"minecraft:bow":13,"minecraft:wheat_seeds":667,"minecraft:raw_gold":40,"minecraft:diamond_helmet":1,"minecraft:fletching_table":2,"minecraft:glowstone_dust":51,"minecraft:scrape_pottery_sherd":4,"minecraft:oak_planks":104,"minecraft:cooked_porkchop":27,"minecraft:sand":141,"minecraft:loom":2,"minecraft:barrel":6,"minecraft:diamond":140,"minecraft:cracked_polished_blackstone_bricks":35,"minecraft:crossbow":1,"minecraft:breeze_rod":6,"minecraft:granite":29,"minecraft:bone_meal":9,"minecraft:golden_apple":1,"minecraft:emerald":47,"minecraft:oak_sapling":22,"minecraft:light_gray_carpet":3,"minecraft:netherrack":105,"minecraft:oak_leaves":54,"minecraft:crimson_roots":4,"minecraft:diamond_pickaxe":3,"minecraft:crafting_table":8,"minecraft:azure_bluet":3,"minecraft:chicken":7,"minecraft:nether_wart":39,"minecraft:gold_block":6,"minecraft:brick":67,"minecraft:shield":6,"minecraft:wind_charge":1,"minecraft:cornflower":1,"minecraft:iron_axe":1,"minecraft:flint_and_steel":1,"minecraft:white_carpet":9,"minecraft:blackstone":3,"minecraft:beef":63,"minecraft:poppy":17,"minecraft:iron_nugget":2,"minecraft:guster_pottery_sherd":3,"minecraft:spruce_slab":4,"minecraft:sugar_cane":6,"minecraft:chest":2,"minecraft:birch_sapling":2,"minecraft:spruce_trapdoor":11,"minecraft:egg":1,"minecraft:raw_iron":322,"minecraft:polished_blackstone_bricks":46,"minecraft:carrot":159,"minecraft:redstone":428,"minecraft:music_disc_creator_music_box":1,"minecraft:dark_oak_planks":2,"minecraft:arrow":79,"minecraft:stone_shovel":5,"minecraft:nether_bricks":17,"minecraft:hay_block":74,"minecraft:saddle":3,"minecraft:totem_of_undying":2,"minecraft:mutton":27,"minecraft:bone_block":3,"minecraft:white_wool":54,"minecraft:oxeye_daisy":1,"minecraft:leather":36,"minecraft:filled_map":3,"minecraft:birch_planks":41,"minecraft:crimson_fungus":1,"minecraft:oak_log":320,"minecraft:cobbled_deepslate_stairs":2,"minecraft:gunpowder":4,"minecraft:cobblestone_stairs":1,"minecraft:paper":1,"minecraft:white_banner":4,"minecraft:red_carpet":4,"minecraft:apple":5,"minecraft:iron_ingot":59,"minecraft:stone_pickaxe":3,"minecraft:glass_bottle":2,"minecraft:iron_sword":3,"minecraft:soul_sand":20,"minecraft:book":3,"minecraft:oak_slab":15,"minecraft:emerald_block":1,"minecraft:quartz":43,"minecraft:dandelion":10,"minecraft:gravel":6,"minecraft:spruce_sapling":35,"minecraft:blast_furnace":15,"minecraft:white_bed":7,"minecraft:spruce_log":288,"minecraft:spider_eye":6,"minecraft:leather_helmet":1,"minecraft:stone_axe":3,"minecraft:chainmail_leggings":3,"minecraft:iron_helmet":3,"minecraft:painting":24,"minecraft:gray_wool":1,"minecraft:warped_roots":2,"minecraft:baked_potato":13,"minecraft:coal":445,"minecraft:sunflower":15,"minecraft:ender_pearl":4},"minecraft:killed_by":{"minecraft:creeper":2,"minecraft:player":1,"minecraft:spider":1,"minecraft:skeleton":1},"minecraft:killed":{"minecraft:witch":5,"minecraft:spider":8,"minecraft:skeleton":38,"minecraft:chicken":7,"minecraft:piglin_brute":3,"minecraft:magma_cube":62,"minecraft:piglin":7,"minecraft:pig":83,"minecraft:zombie_villager":1,"minecraft:iron_golem":1,"minecraft:creeper":5,"minecraft:sheep":16,"minecraft:pillager":18,"minecraft:zombie":49,"minecraft:cow":22,"minecraft:blaze":9,"minecraft:evoker":2,"minecraft:vindicator":5,"minecraft:ravager":3,"minecraft:hoglin":1,"minecraft:breeze":3,"minecraft:wither_skeleton":5,"minecraft:enderman":1},"minecraft:broken":{"minecraft:golden_helmet":1,"minecraft:iron_shovel":3,"minecraft:golden_shovel":1,"minecraft:stone_pickaxe":1,"minecraft:stone_axe":1,"minecraft:shield":1,"minecraft:iron_axe":2,"minecraft:iron_pickaxe":2},"minecraft:dropped":{"minecraft:iron_sword":1,"minecraft:birch_planks":2,"minecraft:porkchop":5,"minecraft:glass_bottle":2,"minecraft:cooked_porkchop":32,"minecraft:warped_roots":2,"minecraft:leather":2,"minecraft:leather_helmet":1,"minecraft:flint":1,"minecraft:emerald":2,"minecraft:dirt":6,"minecraft:cornflower":1,"minecraft:scrape_pottery_sherd":2,"minecraft:crimson_roots":4,"minecraft:sunflower":1,"minecraft:white_wool":3,"minecraft:bone":28,"minecraft:stone_axe":1,"minecraft:crimson_fungus":1,"minecraft:sugar_cane":6,"minecraft:iron_nugget":6,"minecraft:wheat":14,"minecraft:yellow_wool":1,"minecraft:rotten_flesh":9,"minecraft:glowstone_dust":1,"minecraft:azure_bluet":3,"minecraft:carrot":2,"minecraft:chainmail_chestplate":8,"minecraft:poppy":1,"minecraft:leather_chestplate":1,"minecraft:gunpowder":7,"minecraft:spruce_pressure_plate":12,"minecraft:leather_boots":1,"minecraft:chainmail_boots":11,"minecraft:arrow":10,"minecraft:netherrack":9,"minecraft:wheat_seeds":179,"minecraft:golden_helmet":1,"minecraft:cobbled_deepslate_stairs":1,"minecraft:golden_horse_armor":3,"minecraft:book":3,"minecraft:apple":3,"minecraft:chainmail_helmet":1,"minecraft:coal":1,"minecraft:stick":4,"minecraft:gray_wool":1,"minecraft:torch":2,"minecraft:wooden_axe":1,"minecraft:diamond_helmet":1,"minecraft:oak_stairs":3,"minecraft:iron_axe":1,"minecraft:chainmail_leggings":3,"minecraft:paper":1,"minecraft:spruce_sapling":1,"minecraft:dandelion":7,"minecraft:redstone":64,"minecraft:stone_sword":2,"minecraft:tuff":1,"minecraft:stone_shovel":1,"minecraft:white_carpet":9,"minecraft:shield":2,"minecraft:spruce_planks":1,"minecraft:diamond_pickaxe":2,"minecraft:oak_sapling":3,"minecraft:golden_sword":1,"minecraft:spider_eye":3,"minecraft:bow":3,"minecraft:wooden_pickaxe":1}},"DataVersion":3953}