{"stats":{"minecraft:mined":{"minecraft:tuff":12,"deep_dark_regrowth:grimstone_4":3,"deep_dark_regrowth:grimstone_5":3,"deep_dark_regrowth:grimstone_7":3,"minecraft:deepslate_diamond_ore":2,"minecraft:cobblestone_stairs":3,"deep_dark_regrowth:grimstone_8":8,"biomesoplenty:desert_grass":32,"born_in_chaos_v1:infected_diamond_ore":2,"minecraft:granite":17,"minecraft:grass_block":477,"born_in_chaos_v1:black_argillite":1,"minecraft:spruce_leaves":6,"minecraft:raw_iron_block":2,"minecraft:carrots":5,"minecraft:fire":2,"minecraft:iron_ore":43,"minecraft:cobbled_deepslate":8,"minecraft:andesite":6,"minecraft:deepslate_iron_ore":29,"biomesoplenty:webbing":1,"minecraft:bamboo_sapling":2,"minecraft:stone":364,"minecraft:deepslate_redstone_ore":5,"minecraft:crafting_table":2,"minecraft:torch":3,"minecraft:cobblestone":21,"minecraft:lapis_ore":2,"minecraft:diorite":1,"minecraft:wall_torch":8,"deep_dark_regrowth:moonstone_crystal_block":1,"fight_or_die:blood_splash2":8,"minecraft:grass":200,"minecraft:oak_log":52,"minecraft:coal_ore":79,"minecraft:dirt":294,"biomesoplenty:stringy_cobweb":1,"minecraft:cobweb":1,"minecraft:deepslate":301,"minecraft:oak_leaves":24},"minecraft:killed_by":{"endofherobrine:cow":2,"minecraft:player":1,"undead_revamp2:the_moonflower":1,"fight_or_die:mutated_villager":1,"fight_or_die:mutated_enderman":2,"fight_or_die:springer":2,"fight_or_die:mutated_sheep":1,"cave_dweller:cave_dweller":1},"minecraft:killed":{"fight_or_die:springer":6,"fight_or_die:mutated_pig":1,"born_in_chaos_v1:maggot":3,"fight_or_die:shiller":2,"fight_or_die:mutated_human":3,"fight_or_die:mutated_sheep":3,"minecraft:chicken":9,"fight_or_die:mutated_cow_head":1,"minecraft:pig":1,"born_in_chaos_v1:diamond_termite":3,"born_in_chaos_v1:baby_skeleton":1,"undead_revamp2:the_moonflower":1,"fight_or_die:mutated_cow":1,"minecraft:sheep":2,"minecraft:zombie":4,"born_in_chaos_v1:corpse_fly":2,"fight_or_die:mutated_player":3,"endofherobrine:sheep":1,"born_in_chaos_v1:siamese_skeletonsleft":1,"minecraft:cow":4},"minecraft:broken":{"minecraft:iron_shovel":3,"minecraft:iron_pickaxe":3},"minecraft:used":{"minecraft:stone_sword":104,"minecraft:iron_shovel":882,"deep_dark_regrowth:cobbled_grimstone":7,"born_in_chaos_v1:ethereal_spirit":1,"minecraft:shield":7,"minecraft:iron_sword":88,"minecraft:cooked_chicken":10,"minecraft:iron_chestplate":2,"minecraft:torch":153,"minecraft:dirt":740,"minecraft:carrot":28,"minecraft:granite":1,"minecraft:iron_axe":62,"minecraft:iron_helmet":2,"minecraft:iron_boots":5,"minecraft:bamboo":18,"minecraft:oak_sapling":1,"minecraft:cooked_beef":14,"minecraft:cobbled_deepslate":15,"minecraft:iron_leggings":4,"minecraft:wheat_seeds":20,"minecraft:cooked_mutton":18,"minecraft:diorite":2,"minecraft:cobblestone_stairs":50,"minecraft:crafting_table":2,"minecraft:blast_furnace":1,"minecraft:string":1,"minecraft:iron_pickaxe":929,"minecraft:spruce_sapling":1,"minecraft:gravel":1,"minecraft:cobblestone":218,"minecraft:cooked_porkchop":16,"minecraft:bone_meal":4},"minecraft:dropped":{"minecraft:birch_hanging_sign":1,"minecraft:water_bucket":1,"minecraft:bread":72,"minecraft:iron_sword":1,"minecraft:wheat_seeds":8,"minecraft:diamond":17,"minecraft:crafting_table":1,"minecraft:iron_helmet":4,"minecraft:feather":2,"minecraft:cobblestone":81,"minecraft:acacia_log":4,"minecraft:iron_leggings":3,"minecraft:bone_meal":11,"minecraft:iron_axe":1,"minecraft:iron_pickaxe":1,"minecraft:iron_shovel":1,"minecraft:birch_log":12,"minecraft:stone_sword":1,"dixtas_armory:stone_shortsword":2,"minecraft:chicken":1,"minecraft:rotten_flesh":11,"minecraft:oak_planks":1,"minecraft:iron_boots":1,"minecraft:shears":1,"minecraft:diamond_sword":1,"minecraft:shield":2,"minecraft:iron_chestplate":3,"biomesoplenty:wildflower":2,"minecraft:andesite":5,"born_in_chaos_v1:corpse_maggot":8,"born_in_chaos_v1:diamond_termite_shard":3,"fight_or_die:ripping_flesh":2,"minecraft:bamboo":1,"minecraft:spruce_log":18,"minecraft:bow":1,"minecraft:stone_pickaxe":1,"born_in_chaos_v1:marigolds":4},"minecraft:custom":{"minecraft:mob_kills":55,"minecraft:interact_with_crafting_table":29,"minecraft:open_barrel":2,"minecraft:damage_dealt_resisted":63,"minecraft:leave_game":3,"minecraft:time_since_death":7752,"minecraft:climb_one_cm":8923,"minecraft:sprint_one_cm":865562,"minecraft:walk_one_cm":473798,"minecraft:damage_blocked_by_shield":980,"minecraft:drop":83,"minecraft:play_time":235019,"minecraft:deaths":13,"minecraft:sneak_time":42887,"minecraft:walk_under_water_one_cm":7433,"minecraft:jump":3913,"minecraft:interact_with_blast_furnace":24,"minecraft:walk_on_water_one_cm":10199,"minecraft:total_world_time":235019,"minecraft:interact_with_furnace":5,"minecraft:sleep_in_bed":12,"minecraft:time_since_rest":3504,"minecraft:damage_taken":6556,"minecraft:damage_dealt":7194,"minecraft:swim_one_cm":12100,"minecraft:fly_one_cm":607061,"minecraft:open_chest":32,"minecraft:crouch_one_cm":170231,"minecraft:interact_with_smoker":18,"minecraft:fall_one_cm":89803},"minecraft:crafted":{"minecraft:raw_iron":18,"minecraft:cooked_chicken":10,"minecraft:cobblestone_stairs":52,"minecraft:bone_meal":9,"minecraft:cooked_mutton":21,"minecraft:iron_boots":4,"minecraft:iron_axe":2,"minecraft:cooked_beef":10,"minecraft:cooked_porkchop":22,"minecraft:crafting_table":1,"minecraft:iron_helmet":3,"minecraft:iron_sword":2,"minecraft:air":0,"minecraft:iron_chestplate":2,"minecraft:shield":1,"minecraft:stick":79,"minecraft:iron_ingot":116,"minecraft:iron_pickaxe":4,"minecraft:iron_shovel":4,"minecraft:iron_leggings":1,"minecraft:torch":172},"minecraft:picked_up":{"minecraft:crafting_table":4,"minecraft:iron_chestplate":14,"born_in_chaos_v1:diamond_termite_shard":3,"minecraft:chicken":9,"minecraft:diamond_sword":1,"minecraft:shield":13,"born_in_chaos_v1:black_argillite":19,"minecraft:string":5,"minecraft:moss_carpet":8,"minecraft:raw_copper":2,"minecraft:iron_axe":10,"minecraft:iron_leggings":15,"minecraft:iron_shovel":4,"minecraft:cobbled_deepslate":1266,"minecraft:beef":15,"minecraft:iron_pickaxe":11,"minecraft:light_gray_wool":1,"biomesoplenty:wildflower":4,"minecraft:iron_boots":11,"minecraft:egg":1,"fight_or_die:ripping_flesh":10,"minecraft:stick":86,"minecraft:raw_iron":127,"fight_or_die:rotten_brain":2,"minecraft:torch":41,"minecraft:acacia_log":4,"minecraft:porkchop":1,"minecraft:diorite":325,"minecraft:carrot":21,"minecraft:redstone":132,"deep_dark_regrowth:moonstone_crystal_block":92,"minecraft:stone_sword":3,"minecraft:arrow":6,"minecraft:rotten_flesh":51,"minecraft:shears":1,"dixtas_armory:stone_shortsword":2,"minecraft:mutton":1,"minecraft:cobblestone":1343,"born_in_chaos_v1:fused_bone":4,"minecraft:birch_log":12,"born_in_chaos_v1:corpse_maggot":8,"minecraft:feather":9,"minecraft:cooked_beef":51,"minecraft:water_bucket":2,"minecraft:andesite":6,"minecraft:leather":9,"minecraft:tuff":76,"minecraft:oak_log":104,"minecraft:cobblestone_stairs":82,"minecraft:lapis_lazuli":10,"minecraft:dirt":1154,"born_in_chaos_v1:marigolds":12,"minecraft:cooked_mutton":20,"minecraft:bone":32,"undead_revamp2:blacpetalblock":2,"minecraft:bow":6,"minecraft:wheat_seeds":57,"minecraft:iron_ingot":55,"minecraft:stone_pickaxe":4,"deep_dark_regrowth:ghost_flowers":4,"minecraft:birch_hanging_sign":1,"minecraft:bamboo":515,"minecraft:iron_sword":10,"minecraft:oak_planks":316,"biomesoplenty:toadstool":2,"minecraft:cooked_porkchop":74,"born_in_chaos_v1:ethereal_spirit":3,"minecraft:raw_iron_block":2,"minecraft:gravel":1,"deep_dark_regrowth:cobbled_grimstone":43,"minecraft:spruce_sapling":1,"minecraft:blast_furnace":2,"minecraft:spruce_log":22,"minecraft:diamond":36,"minecraft:iron_helmet":10,"minecraft:granite":16,"minecraft:bone_meal":6,"minecraft:bread":72,"minecraft:oak_sapling":1,"minecraft:coal":200}},"DataVersion":3465}