{"stats":{"minecraft:killed":{"minecraft:pig":53,"minecraft:spider":4,"minecraft:sheep":27,"minecraft:horse":2,"minecraft:skeleton":2,"minecraft:zombie":4,"minecraft:cow":20},"minecraft:used":{"minecraft:peony":1,"minecraft:water_bucket":7,"minecraft:stone_sword":13,"minecraft:birch_planks":1,"minecraft:stone_pickaxe":142,"minecraft:baked_potato":1,"minecraft:wooden_pickaxe":44,"minecraft:shield":5,"minecraft:rotten_flesh":3,"minecraft:torch":88,"minecraft:dirt":10,"minecraft:crafting_table":6,"minecraft:white_bed":1,"minecraft:granite":1,"minecraft:smoker":6,"minecraft:iron_pickaxe":376,"minecraft:birch_sapling":3,"minecraft:iron_helmet":1,"minecraft:stone_axe":40,"minecraft:diamond_sword":177,"minecraft:cobblestone":131,"minecraft:furnace":3,"minecraft:cooked_porkchop":24,"minecraft:bucket":10,"minecraft:andesite":1},"minecraft:custom":{"minecraft:interact_with_furnace":48,"minecraft:mob_kills":112,"minecraft:interact_with_crafting_table":18,"minecraft:leave_game":4,"minecraft:time_since_death":46276,"minecraft:sleep_in_bed":2,"minecraft:time_since_rest":30813,"minecraft:sprint_one_cm":377501,"minecraft:damage_taken":1833,"minecraft:walk_one_cm":124019,"minecraft:damage_blocked_by_shield":315,"minecraft:drop":17,"minecraft:damage_dealt":11891,"minecraft:swim_one_cm":11244,"minecraft:fly_one_cm":443508,"minecraft:open_chest":3,"minecraft:crouch_one_cm":48886,"minecraft:play_time":100579,"minecraft:sneak_time":15405,"minecraft:deaths":1,"minecraft:walk_under_water_one_cm":7070,"minecraft:jump":2307,"minecraft:walk_on_water_one_cm":12034,"minecraft:total_world_time":100579,"minecraft:interact_with_smoker":63,"minecraft:fall_one_cm":57621},"minecraft:crafted":{"minecraft:cooked_beef":35,"minecraft:raw_iron":9,"minecraft:diamond_sword":1,"minecraft:cooked_porkchop":99,"minecraft:crafting_table":1,"minecraft:iron_helmet":1,"minecraft:wooden_pickaxe":1,"minecraft:baked_potato":1,"minecraft:furnace":5,"minecraft:bucket":1,"minecraft:birch_planks":44,"minecraft:stone_axe":1,"minecraft:cooked_mutton":39,"minecraft:air":0,"minecraft:iron_boots":1,"minecraft:iron_chestplate":1,"minecraft:shield":1,"minecraft:stick":44,"minecraft:iron_ingot":82,"minecraft:iron_pickaxe":2,"minecraft:stone_pickaxe":2,"minecraft:stone_sword":1,"minecraft:iron_leggings":1,"minecraft:white_bed":1,"minecraft:torch":92,"minecraft:smoker":2},"minecraft:mined":{"minecraft:tuff":16,"minecraft:white_bed":1,"minecraft:deepslate_diamond_ore":2,"minecraft:smoker":6,"minecraft:cherry_log":6,"minecraft:crafting_table":6,"minecraft:granite":29,"minecraft:grass_block":1,"minecraft:cobblestone":3,"minecraft:tall_grass":16,"minecraft:lapis_ore":1,"minecraft:deepslate_gold_ore":22,"minecraft:diorite":16,"minecraft:wall_torch":3,"minecraft:spawner":1,"minecraft:birch_planks":1,"minecraft:raw_iron_block":1,"minecraft:furnace":2,"minecraft:birch_log":23,"minecraft:iron_ore":30,"minecraft:birch_leaves":1,"minecraft:andesite":3,"minecraft:peony":1,"minecraft:grass":28,"minecraft:coal_ore":59,"minecraft:deepslate_iron_ore":48,"minecraft:gravel":5,"minecraft:dirt":5,"minecraft:stone":259,"minecraft:oak_leaves":3,"minecraft:deepslate":53},"minecraft:killed_by":{"minecraft:creeper":1},"minecraft:broken":{"minecraft:stone_pickaxe":1,"minecraft:iron_pickaxe":1},"minecraft:picked_up":{"minecraft:birch_log":23,"minecraft:crafting_table":7,"minecraft:water_bucket":1,"minecraft:andesite":3,"minecraft:leather":20,"minecraft:diamond_sword":1,"minecraft:smoker":8,"minecraft:potato":1,"minecraft:birch_planks":3,"minecraft:tuff":16,"minecraft:shield":1,"minecraft:dirt":19,"minecraft:lapis_lazuli":8,"minecraft:string":4,"minecraft:bone":4,"minecraft:wheat_seeds":4,"minecraft:cobbled_deepslate":89,"minecraft:raw_gold":22,"minecraft:iron_ingot":5,"minecraft:beef":35,"minecraft:stone_pickaxe":2,"minecraft:iron_pickaxe":1,"minecraft:birch_sapling":3,"minecraft:furnace":2,"minecraft:stick":6,"minecraft:raw_iron":83,"minecraft:cooked_porkchop":30,"minecraft:torch":4,"minecraft:raw_iron_block":1,"minecraft:gravel":5,"minecraft:porkchop":93,"minecraft:cherry_log":6,"minecraft:diorite":16,"minecraft:white_bed":2,"minecraft:arrow":1,"minecraft:rotten_flesh":4,"minecraft:diamond":2,"minecraft:stone_axe":1,"minecraft:peony":3,"minecraft:granite":57,"minecraft:black_wool":2,"minecraft:mutton":39,"minecraft:coal":128,"minecraft:white_wool":33,"minecraft:cobblestone":431},"minecraft:dropped":{"minecraft:gravel":5,"minecraft:birch_planks":2,"minecraft:wheat_seeds":4,"minecraft:stone_sword":1,"minecraft:tuff":14,"minecraft:rotten_flesh":1,"minecraft:dirt":4,"minecraft:diorite":16,"minecraft:peony":1,"minecraft:andesite":2,"minecraft:wooden_pickaxe":1,"minecraft:stone_pickaxe":1,"minecraft:string":2,"minecraft:black_wool":1}},"DataVersion":3465}