{"stats":{"minecraft:dropped":{"minecraft:iron_sword":1,"minecraft:stone_axe":1,"minecraft:stone_sword":1,"minecraft:rotten_flesh":6,"minecraft:iron_helmet":1,"minecraft:iron_boots":1,"minecraft:white_bed":1,"minecraft:dirt":1,"minecraft:shield":1,"minecraft:iron_chestplate":1,"minecraft:cooked_salmon":6,"minecraft:spider_eye":1,"minecraft:iron_leggings":1,"minecraft:stone_pickaxe":1,"minecraft:wooden_pickaxe":1},"minecraft:crafted":{"minecraft:oak_door":3,"minecraft:oak_planks":76,"minecraft:diamond_axe":1,"minecraft:crafting_table":3,"minecraft:iron_helmet":2,"minecraft:wooden_pickaxe":1,"minecraft:iron_sword":2,"minecraft:furnace":1,"minecraft:cooked_salmon":18,"minecraft:stone_axe":2,"minecraft:air":0,"minecraft:oak_boat":1,"minecraft:iron_boots":2,"minecraft:iron_chestplate":2,"minecraft:diamond_pickaxe":1,"minecraft:shield":2,"minecraft:stick":36,"minecraft:iron_ingot":58,"minecraft:iron_pickaxe":1,"minecraft:stone_pickaxe":3,"minecraft:stone_sword":1,"minecraft:iron_leggings":2,"minecraft:gold_ingot":9,"minecraft:torch":48,"minecraft:smoker":1},"minecraft:picked_up":{"minecraft:crafting_table":3,"minecraft:feather":1,"minecraft:chicken":2,"minecraft:andesite":3,"minecraft:salmon":28,"minecraft:leather":9,"minecraft:smoker":3,"minecraft:gold_block":1,"minecraft:oak_log":28,"minecraft:gunpowder":4,"minecraft:lapis_lazuli":95,"minecraft:dirt":2,"minecraft:string":9,"minecraft:cooked_salmon":4,"minecraft:bone":10,"minecraft:apple":1,"minecraft:cobbled_deepslate":18,"minecraft:raw_gold":7,"minecraft:iron_ingot":2,"minecraft:beef":16,"minecraft:oak_planks":7,"minecraft:furnace":2,"minecraft:egg":2,"minecraft:stick":2,"minecraft:raw_iron":91,"minecraft:torch":13,"minecraft:white_bed":4,"minecraft:spider_eye":1,"minecraft:arrow":8,"minecraft:rotten_flesh":13,"minecraft:diamond":5,"minecraft:granite":3,"minecraft:bone_meal":1,"minecraft:oak_sapling":1,"minecraft:mutton":10,"minecraft:coal":63,"minecraft:white_wool":6,"minecraft:cobblestone":91,"minecraft:ender_pearl":1},"minecraft:killed":{"minecraft:zombie_villager":1,"minecraft:salmon":33,"minecraft:spider":3,"minecraft:creeper":3,"minecraft:skeleton":5,"minecraft:sheep":6,"minecraft:zombie":9,"minecraft:chicken":2,"minecraft:enderman":1,"minecraft:cow":8},"minecraft:custom":{"minecraft:interact_with_furnace":33,"minecraft:mob_kills":71,"minecraft:interact_with_crafting_table":25,"minecraft:leave_game":1,"minecraft:time_since_death":71778,"minecraft:sleep_in_bed":3,"minecraft:time_since_rest":54280,"minecraft:sprint_one_cm":278537,"minecraft:damage_taken":682,"minecraft:walk_one_cm":138862,"minecraft:damage_blocked_by_shield":1065,"minecraft:drop":25,"minecraft:damage_dealt":6830,"minecraft:swim_one_cm":50161,"minecraft:fly_one_cm":219508,"minecraft:open_chest":1,"minecraft:crouch_one_cm":8296,"minecraft:play_time":71778,"minecraft:sneak_time":3583,"minecraft:walk_under_water_one_cm":25471,"minecraft:boat_one_cm":10057,"minecraft:jump":1231,"minecraft:walk_on_water_one_cm":23470,"minecraft:total_world_time":71778,"minecraft:interact_with_smoker":11,"minecraft:fall_one_cm":28147},"minecraft:used":{"minecraft:stone_sword":17,"minecraft:stone_pickaxe":154,"minecraft:ender_pearl":1,"minecraft:wooden_pickaxe":15,"minecraft:shield":16,"minecraft:iron_sword":45,"minecraft:cooked_salmon":15,"minecraft:diamond_axe":29,"minecraft:iron_chestplate":1,"minecraft:oak_door":3,"minecraft:white_wool":3,"minecraft:torch":69,"minecraft:dirt":1,"minecraft:crafting_table":6,"minecraft:white_bed":2,"minecraft:granite":3,"minecraft:smoker":3,"minecraft:iron_pickaxe":139,"minecraft:iron_boots":1,"minecraft:stone_axe":87,"minecraft:cobblestone":10,"minecraft:oak_sapling":1,"minecraft:furnace":2,"minecraft:oak_boat":1,"minecraft:egg":2,"minecraft:cobbled_deepslate":18,"minecraft:iron_leggings":1},"minecraft:mined":{"minecraft:white_bed":3,"minecraft:deepslate_diamond_ore":5,"minecraft:smoker":3,"minecraft:crafting_table":3,"minecraft:torch":3,"minecraft:grass_block":2,"minecraft:tall_grass":1,"minecraft:cobblestone":5,"minecraft:deepslate_gold_ore":2,"minecraft:oak_planks":8,"minecraft:wall_torch":4,"minecraft:spawner":1,"minecraft:furnace":2,"minecraft:iron_ore":41,"minecraft:andesite":3,"minecraft:deepslate_lapis_ore":13,"minecraft:gold_block":1,"minecraft:grass":5,"minecraft:oak_log":28,"minecraft:coal_ore":60,"minecraft:deepslate_iron_ore":50,"minecraft:cobweb":8,"minecraft:stone":98,"minecraft:netherrack":1,"minecraft:gold_ore":5,"minecraft:oak_leaves":6,"minecraft:deepslate":17}},"DataVersion":3465}