{"stats":{"minecraft:picked_up":{"minecraft:egg":1},"minecraft:dropped":{"minecraft:egg":1},"minecraft:custom":{"minecraft:jump":48,"minecraft:time_since_rest":2849,"minecraft:damage_dealt":30,"minecraft:crouch_one_cm":85,"minecraft:leave_game":2,"minecraft:play_time":2849,"minecraft:sprint_one_cm":2931,"minecraft:damage_taken":70,"minecraft:time_since_death":2849,"minecraft:walk_one_cm":3175,"minecraft:sneak_time":18,"minecraft:total_world_time":2849,"minecraft:fall_one_cm":1045,"minecraft:drop":1,"minecraft:fly_one_cm":11993}},"DataVersion":3953}