{"stats":{"minecraft:custom":{"minecraft:interact_with_smithing_table":1,"minecraft:interact_with_furnace":25,"minecraft:mob_kills":39,"minecraft:interact_with_crafting_table":21,"minecraft:interact_with_cartography_table":3,"minecraft:leave_game":4,"minecraft:time_since_death":1523,"minecraft:sleep_in_bed":2,"minecraft:time_since_rest":1740,"minecraft:sprint_one_cm":92298,"minecraft:damage_taken":625,"minecraft:walk_one_cm":81183,"minecraft:drop":13,"minecraft:damage_dealt":3512,"minecraft:swim_one_cm":4589,"minecraft:talked_to_villager":2,"minecraft:fly_one_cm":226992,"minecraft:open_chest":7,"minecraft:crouch_one_cm":28426,"minecraft:play_time":61695,"minecraft:deaths":1,"minecraft:sneak_time":10998,"minecraft:walk_under_water_one_cm":1137,"minecraft:jump":890,"minecraft:walk_on_water_one_cm":3445,"minecraft:total_world_time":61695,"minecraft:interact_with_smoker":23,"minecraft:fall_one_cm":21632,"minecraft:horse_one_cm":4765},"minecraft:killed":{"minecraft:pig":9,"minecraft:sheep":10,"minecraft:chicken":5,"minecraft:cow":15},"minecraft:picked_up":{"minecraft:crafting_table":5,"minecraft:feather":7,"minecraft:chicken":5,"minecraft:leather":8,"minecraft:smoker":4,"minecraft:acacia_wood":2,"minecraft:filled_map":2,"minecraft:flint":2,"minecraft:tuff":10,"minecraft:oak_log":19,"minecraft:dirt":11,"minecraft:leather_boots":2,"minecraft:wheat_seeds":7,"minecraft:cobbled_deepslate":39,"minecraft:raw_gold":23,"minecraft:beef":62,"minecraft:stone_pickaxe":1,"minecraft:egg":4,"minecraft:furnace":4,"minecraft:raw_iron":47,"minecraft:cooked_porkchop":1,"minecraft:torch":24,"minecraft:acacia_log":16,"minecraft:gravel":7,"minecraft:porkchop":22,"minecraft:diorite":21,"minecraft:white_bed":2,"minecraft:orange_bed":4,"minecraft:diamond":15,"minecraft:stone_axe":1,"minecraft:hay_block":14,"minecraft:granite":22,"minecraft:gray_wool":1,"minecraft:mutton":17,"minecraft:coal":164,"minecraft:white_wool":9,"minecraft:cobblestone":316},"minecraft:broken":{"minecraft:stone_pickaxe":3},"minecraft:used":{"minecraft:stone_pickaxe":315,"minecraft:wooden_pickaxe":34,"minecraft:orange_bed":3,"minecraft:torch":44,"minecraft:dirt":5,"minecraft:crafting_table":5,"minecraft:white_bed":2,"minecraft:tuff":10,"minecraft:smoker":4,"minecraft:wooden_axe":29,"minecraft:bread":5,"minecraft:iron_pickaxe":251,"minecraft:map":3,"minecraft:gravel":1,"minecraft:stone_axe":88,"minecraft:cobblestone":84,"minecraft:furnace":6,"minecraft:porkchop":2,"minecraft:cooked_porkchop":1,"minecraft:cooked_beef":2,"minecraft:cobbled_deepslate":34},"minecraft:crafted":{"minecraft:cooked_beef":32,"minecraft:oak_planks":58,"minecraft:cooked_porkchop":9,"minecraft:crafting_table":1,"minecraft:wooden_pickaxe":1,"minecraft:furnace":3,"minecraft:stone_axe":2,"minecraft:bread":42,"minecraft:cooked_mutton":17,"minecraft:air":0,"minecraft:iron_boots":1,"minecraft:iron_chestplate":1,"minecraft:shield":1,"minecraft:stick":20,"minecraft:iron_ingot":29,"minecraft:iron_pickaxe":1,"minecraft:stone_pickaxe":2,"minecraft:wooden_axe":1,"minecraft:iron_leggings":1,"minecraft:gold_ingot":13,"minecraft:torch":24,"minecraft:wheat":126,"minecraft:smoker":1},"minecraft:mined":{"minecraft:diamond_ore":4,"minecraft:tuff":12,"minecraft:acacia_leaves":2,"minecraft:white_bed":3,"minecraft:deepslate_diamond_ore":11,"minecraft:smoker":4,"minecraft:crafting_table":5,"minecraft:torch":9,"minecraft:granite":23,"minecraft:acacia_log":16,"minecraft:cobblestone":8,"minecraft:diorite":21,"minecraft:wall_torch":20,"minecraft:hay_block":14,"minecraft:furnace":4,"minecraft:iron_ore":47,"minecraft:cobbled_deepslate":1,"minecraft:fire":4,"minecraft:acacia_wood":2,"minecraft:grass":11,"minecraft:oak_log":19,"minecraft:coal_ore":75,"minecraft:gravel":7,"minecraft:dirt":8,"minecraft:stone":296,"minecraft:gold_ore":23,"minecraft:deepslate":47,"minecraft:orange_bed":4},"minecraft:killed_by":{"minecraft:zombie":1},"minecraft:dropped":{"minecraft:gravel":5,"minecraft:filled_map":3,"minecraft:dirt":4,"minecraft:diorite":19,"minecraft:leather_boots":3,"minecraft:leather_leggings":1}},"DataVersion":3465}