{"stats":{"minecraft:broken":{"minecraft:stone_pickaxe":1,"minecraft:stone_axe":1},"minecraft:dropped":{"minecraft:stone_axe":1,"minecraft:tuff":2,"minecraft:feather":7,"minecraft:cobblestone":2,"minecraft:light_gray_wool":1,"minecraft:dirt":6,"minecraft:diorite":27,"minecraft:andesite":8,"minecraft:wooden_pickaxe":1,"minecraft:stone_pickaxe":2,"minecraft:egg":1,"minecraft:black_wool":2,"minecraft:bone":2},"minecraft:crafted":{"minecraft:cooked_beef":29,"minecraft:oak_planks":32,"minecraft:cooked_porkchop":18,"minecraft:crafting_table":1,"minecraft:wooden_pickaxe":1,"minecraft:furnace":2,"minecraft:bucket":1,"minecraft:stone_axe":2,"minecraft:cooked_mutton":14,"minecraft:air":0,"minecraft:diamond_helmet":1,"minecraft:stick":32,"minecraft:iron_ingot":9,"minecraft:iron_pickaxe":1,"minecraft:stone_pickaxe":2,"minecraft:stone_sword":1,"minecraft:white_bed":3,"minecraft:torch":64,"minecraft:smoker":1,"minecraft:diamond_chestplate":1},"minecraft:picked_up":{"minecraft:crafting_table":7,"minecraft:feather":7,"minecraft:chicken":9,"minecraft:andesite":8,"minecraft:leather":22,"minecraft:smoker":4,"minecraft:tuff":2,"minecraft:oak_log":20,"minecraft:gunpowder":2,"minecraft:lapis_lazuli":36,"minecraft:dirt":12,"minecraft:bone":6,"minecraft:bow":2,"minecraft:cobbled_deepslate":119,"minecraft:raw_gold":6,"minecraft:beef":92,"minecraft:stone_pickaxe":1,"minecraft:light_gray_wool":1,"minecraft:bamboo":11,"minecraft:furnace":2,"minecraft:egg":1,"minecraft:raw_iron":16,"minecraft:cooked_porkchop":2,"minecraft:torch":11,"minecraft:porkchop":55,"minecraft:diorite":27,"minecraft:white_bed":2,"minecraft:redstone":5,"minecraft:arrow":5,"minecraft:rotten_flesh":18,"minecraft:diamond":16,"minecraft:oak_sapling":1,"minecraft:black_wool":2,"minecraft:mutton":35,"minecraft:coal":146,"minecraft:white_wool":21,"minecraft:cobblestone":147},"minecraft:killed":{"minecraft:pig":18,"minecraft:spider":1,"minecraft:bat":1,"minecraft:creeper":1,"minecraft:sheep":24,"minecraft:skeleton":5,"minecraft:zombie":13,"minecraft:chicken":9,"minecraft:cow":27},"minecraft:custom":{"minecraft:interact_with_furnace":7,"minecraft:mob_kills":99,"minecraft:interact_with_crafting_table":17,"minecraft:leave_game":1,"minecraft:time_since_death":73044,"minecraft:sleep_in_bed":1,"minecraft:climb_one_cm":340,"minecraft:time_since_rest":56369,"minecraft:sprint_one_cm":366075,"minecraft:damage_taken":1788,"minecraft:walk_one_cm":79890,"minecraft:drop":15,"minecraft:damage_dealt":10808,"minecraft:swim_one_cm":25783,"minecraft:fly_one_cm":507075,"minecraft:open_chest":3,"minecraft:crouch_one_cm":46407,"minecraft:play_time":73044,"minecraft:sneak_time":10925,"minecraft:walk_under_water_one_cm":4215,"minecraft:jump":2238,"minecraft:walk_on_water_one_cm":7316,"minecraft:fall_one_cm":57523,"minecraft:total_world_time":73044,"minecraft:interact_with_smoker":20},"minecraft:used":{"minecraft:cooked_mutton":2,"minecraft:stone_sword":85,"minecraft:stone_pickaxe":230,"minecraft:wooden_pickaxe":38,"minecraft:torch":75,"minecraft:dirt":6,"minecraft:crafting_table":7,"minecraft:white_bed":4,"minecraft:diamond_helmet":1,"minecraft:smoker":4,"minecraft:iron_pickaxe":161,"minecraft:stone_axe":129,"minecraft:diamond_chestplate":1,"minecraft:bow":2,"minecraft:cobblestone":51,"minecraft:furnace":2,"minecraft:oak_sapling":1,"minecraft:cooked_porkchop":7,"minecraft:bucket":1,"minecraft:cooked_beef":20,"minecraft:cobbled_deepslate":19},"minecraft:mined":{"minecraft:deepslate_redstone_ore":1,"minecraft:tuff":11,"minecraft:white_bed":2,"minecraft:deepslate_diamond_ore":16,"minecraft:smoker":4,"minecraft:crafting_table":7,"minecraft:torch":3,"minecraft:grass_block":1,"minecraft:tall_grass":8,"minecraft:cobblestone":1,"minecraft:lapis_ore":6,"minecraft:deepslate_gold_ore":6,"minecraft:diorite":27,"minecraft:wall_torch":6,"minecraft:spawner":1,"minecraft:furnace":2,"minecraft:andesite":8,"minecraft:smooth_stone_slab":2,"minecraft:grass":21,"minecraft:oak_log":20,"minecraft:coal_ore":51,"minecraft:deepslate_iron_ore":16,"minecraft:dirt":11,"minecraft:bamboo":1,"minecraft:stone":148,"minecraft:oak_leaves":4,"minecraft:deepslate":119}},"DataVersion":3465}