{
  "minecraft:recipes/redstone/lever": {
    "criteria": {
      "has_cobblestone": "2024-05-18 03:35:19 +0000"
    },
    "done": true
  },
  "minecraft:recipes/building_blocks/polished_deepslate": {
    "criteria": {
      "has_cobbled_deepslate": "2024-05-18 04:05:59 +0000"
    },
    "done": true
  },
  "minecraft:recipes/decorations/ladder": {
    "criteria": {
      "has_stick": "2024-05-18 03:35:39 +0000"
    },
    "done": true
  },
  "minecraft:recipes/food/cake": {
    "criteria": {
      "has_egg": "2024-05-18 03:40:40 +0000"
    },
    "done": true
  },
  "minecraft:recipes/combat/iron_leggings": {
    "criteria": {
      "has_iron_ingot": "2024-05-18 03:53:18 +0000"
    },
    "done": true
  },
  "minecraft:recipes/building_blocks/coarse_dirt": {
    "criteria": {
      "has_gravel": "2024-05-18 04:07:14 +0000"
    },
    "done": true
  },
  "minecraft:recipes/building_blocks/deepslate_tile_stairs_from_cobbled_deepslate_stonecutting": {
    "criteria": {
      "has_cobbled_deepslate": "2024-05-18 04:05:59 +0000"
    },
    "done": true
  },
  "minecraft:recipes/building_blocks/light_gray_concrete_powder": {
    "criteria": {
      "has_gravel": "2024-05-18 04:07:14 +0000"
    },
    "done": true
  },
  "croptopia:recipes/misc/apple_juice": {
    "criteria": {
      "has_apple": "2024-05-18 03:31:48 +0000"
    },
    "done": true
  },
  "minecraft:recipes/building_blocks/pink_concrete_powder": {
    "criteria": {
      "has_gravel": "2024-05-18 04:07:14 +0000"
    },
    "done": true
  },
  "minecraft:story/obtain_armor": {
    "criteria": {
      "iron_chestplate": "2024-05-18 03:55:47 +0000"
    },
    "done": true
  },
  "croptopia:recipes/pork_and_beans": {
    "criteria": {
      "has_pork": "2024-05-18 04:40:18 +0000"
    },
    "done": true
  },
  "croptopia:recipes/pork_jerky": {
    "criteria": {
      "has_pork": "2024-05-18 04:40:18 +0000"
    },
    "done": true
  },
  "minecraft:recipes/food/cooked_chicken_from_campfire_cooking": {
    "criteria": {
      "has_chicken": "2024-05-18 03:40:25 +0000"
    },
    "done": true
  },
  "minecraft:recipes/misc/iron_nugget_from_smelting": {
    "criteria": {
      "has_iron_sword": "2024-05-18 03:53:25 +0000"
    },
    "done": true
  },
  "minecraft:recipes/food/cooked_mutton_from_smoking": {
    "criteria": {
      "has_mutton": "2024-05-18 03:37:01 +0000"
    },
    "done": true
  },
  "minecraft:recipes/misc/blue_dye": {
    "criteria": {
      "has_lapis_lazuli": "2024-05-18 04:11:58 +0000"
    },
    "done": true
  },
  "minecraft:nether/create_beacon": {
    "criteria": {
      "beacon": "2024-05-18 04:40:38 +0000"
    },
    "done": true
  },
  "minecraft:recipes/redstone/birch_button": {
    "criteria": {
      "has_planks": "2024-05-18 03:54:33 +0000"
    },
    "done": true
  },
  "minecraft:story/deflect_arrow": {
    "criteria": {
      "deflected_projectile": "2024-05-18 04:09:36 +0000"
    },
    "done": true
  },
  "minecraft:recipes/combat/iron_chestplate": {
    "criteria": {
      "has_iron_ingot": "2024-05-18 03:53:18 +0000"
    },
    "done": true
  },
  "minecraft:recipes/decorations/oak_sign": {
    "criteria": {
      "has_planks": "2024-05-18 03:35:37 +0000"
    },
    "done": true
  },
  "minecraft:recipes/redstone/oak_trapdoor": {
    "criteria": {
      "has_planks": "2024-05-18 03:35:37 +0000"
    },
    "done": true
  },
  "minecraft:recipes/building_blocks/red_concrete_powder": {
    "criteria": {
      "has_gravel": "2024-05-18 04:07:14 +0000"
    },
    "done": true
  },
  "minecraft:recipes/building_blocks/deepslate_brick_stairs_from_cobbled_deepslate_stonecutting": {
    "criteria": {
      "has_cobbled_deepslate": "2024-05-18 04:05:59 +0000"
    },
    "done": true
  },
  "minecraft:recipes/combat/stone_sword": {
    "criteria": {
      "has_cobblestone": "2024-05-18 03:35:19 +0000"
    },
    "done": true
  },
  "minecraft:recipes/decorations/cobblestone_wall": {
    "criteria": {
      "has_cobblestone": "2024-05-18 03:35:19 +0000"
    },
    "done": true
  },
  "minecraft:recipes/building_blocks/lapis_block": {
    "criteria": {
      "has_lapis_lazuli": "2024-05-18 04:11:58 +0000"
    },
    "done": true
  },
  "minecraft:recipes/food/cooked_chicken": {
    "criteria": {
      "has_chicken": "2024-05-18 03:40:25 +0000"
    },
    "done": true
  },
  "minecraft:recipes/tools/stone_axe": {
    "criteria": {
      "has_cobblestone": "2024-05-18 03:35:19 +0000"
    },
    "done": true
  },
  "minecraft:recipes/building_blocks/raw_iron_block": {
    "criteria": {
      "has_raw_iron": "2024-05-18 03:46:26 +0000"
    },
    "done": true
  },
  "minecraft:recipes/misc/iron_nugget": {
    "criteria": {
      "has_iron_ingot": "2024-05-18 03:53:18 +0000"
    },
    "done": true
  },
  "minecraft:recipes/building_blocks/brown_concrete_powder": {
    "criteria": {
      "has_gravel": "2024-05-18 04:07:14 +0000"
    },
    "done": true
  },
  "tombstone:recipes/from_grave_key": {
    "criteria": {
      "has_ingredient": "2024-05-18 03:33:43 +0000"
    },
    "done": true
  },
  "minecraft:recipes/misc/bucket": {
    "criteria": {
      "has_iron_ingot": "2024-05-18 03:53:18 +0000"
    },
    "done": true
  },
  "minecraft:recipes/building_blocks/light_blue_concrete_powder": {
    "criteria": {
      "has_gravel": "2024-05-18 04:07:14 +0000"
    },
    "done": true
  },
  "minecraft:recipes/combat/iron_helmet": {
    "criteria": {
      "has_iron_ingot": "2024-05-18 03:53:18 +0000"
    },
    "done": true
  },
  "minecraft:recipes/combat/bow": {
    "criteria": {
      "has_string": "2024-05-18 03:48:11 +0000"
    },
    "done": true
  },
  "minecraft:story/mine_stone": {
    "criteria": {
      "get_stone": "2024-05-18 03:35:19 +0000"
    },
    "done": true
  },
  "minecraft:recipes/decorations/furnace": {
    "criteria": {
      "has_cobblestone": "2024-05-18 03:35:19 +0000"
    },
    "done": true
  },
  "minecraft:recipes/transportation/minecart": {
    "criteria": {
      "has_iron_ingot": "2024-05-18 03:53:18 +0000"
    },
    "done": true
  },
  "minecraft:recipes/building_blocks/andesite_stairs": {
    "criteria": {
      "has_andesite": "2024-05-18 03:43:19 +0000"
    },
    "done": true
  },
  "minecraft:recipes/tools/iron_hoe": {
    "criteria": {
      "has_iron_ingot": "2024-05-18 03:53:18 +0000"
    },
    "done": true
  },
  "minecraft:recipes/building_blocks/green_concrete_powder": {
    "criteria": {
      "has_gravel": "2024-05-18 04:07:14 +0000"
    },
    "done": true
  },
  "croptopia:recipes/carnitas": {
    "criteria": {
      "has_porkchop": "2024-05-18 04:40:18 +0000"
    },
    "done": true
  },
  "minecraft:recipes/redstone/birch_door": {
    "criteria": {
      "has_planks": "2024-05-18 03:54:33 +0000"
    },
    "done": true
  },
  "minecraft:recipes/misc/gold_ingot_from_nuggets": {
    "criteria": {
      "has_gold_nugget": "2024-05-18 04:40:25 +0000"
    },
    "done": true
  },
  "minecraft:recipes/decorations/birch_fence": {
    "criteria": {
      "has_planks": "2024-05-18 03:54:33 +0000"
    },
    "done": true
  },
  "minecraft:recipes/tools/wooden_axe": {
    "criteria": {
      "has_stick": "2024-05-18 03:35:39 +0000"
    },
    "done": true
  },
  "minecraft:recipes/decorations/painting": {
    "criteria": {
      "has_wool": "2024-05-18 03:37:01 +0000"
    },
    "done": true
  },
  "minecraft:recipes/combat/arrow": {
    "criteria": {
      "has_feather": "2024-05-18 03:40:30 +0000"
    },
    "done": true
  },
  "minecraft:recipes/building_blocks/blue_concrete_powder": {
    "criteria": {
      "has_gravel": "2024-05-18 04:07:14 +0000"
    },
    "done": true
  },
  "minecraft:recipes/decorations/andesite_wall_from_andesite_stonecutting": {
    "criteria": {
      "has_andesite": "2024-05-18 03:43:19 +0000"
    },
    "done": true
  },
  "croptopia:recipes/misc/apple_pie": {
    "criteria": {
      "has_apple": "2024-05-18 03:31:48 +0000"
    },
    "done": true
  },
  "minecraft:story/smelt_iron": {
    "criteria": {
      "iron": "2024-05-18 03:53:18 +0000"
    },
    "done": true
  },
  "minecraft:recipes/tools/fishing_rod": {
    "criteria": {
      "has_string": "2024-05-18 03:48:11 +0000"
    },
    "done": true
  },
  "minecraft:recipes/decorations/smoker": {
    "criteria": {
      "has_furnace": "2024-05-18 03:51:39 +0000"
    },
    "done": true
  },
  "minecraft:recipes/building_blocks/chiseled_deepslate_from_cobbled_deepslate_stonecutting": {
    "criteria": {
      "has_cobbled_deepslate": "2024-05-18 04:05:59 +0000"
    },
    "done": true
  },
  "croptopia:recipes/fruit_smoothie": {
    "criteria": {
      "has_fruit": "2024-05-18 03:31:48 +0000"
    },
    "done": true
  },
  "minecraft:recipes/decorations/crafting_table": {
    "criteria": {
      "unlock_right_away": "2024-05-18 03:30:37 +0000"
    },
    "done": true
  },
  "minecraft:recipes/decorations/chest": {
    "criteria": {
      "has_lots_of_items": "2024-05-18 03:37:01 +0000"
    },
    "done": true
  },
  "minecraft:recipes/building_blocks/cobbled_deepslate_slab": {
    "criteria": {
      "has_cobbled_deepslate": "2024-05-18 04:05:59 +0000"
    },
    "done": true
  },
  "minecraft:recipes/tools/shears": {
    "criteria": {
      "has_iron_ingot": "2024-05-18 03:53:18 +0000"
    },
    "done": true
  },
  "minecraft:recipes/misc/stick": {
    "criteria": {
      "has_planks": "2024-05-18 03:35:37 +0000"
    },
    "done": true
  },
  "minecraft:recipes/brewing/golden_carrot": {
    "criteria": {
      "has_gold_nugget": "2024-05-18 04:40:25 +0000"
    },
    "done": true
  },
  "minecraft:recipes/decorations/cobbled_deepslate_wall_from_cobbled_deepslate_stonecutting": {
    "criteria": {
      "has_cobbled_deepslate": "2024-05-18 04:05:59 +0000"
    },
    "done": true
  },
  "minecraft:recipes/building_blocks/mossy_cobblestone_stairs_from_mossy_cobblestone_stonecutting": {
    "criteria": {
      "has_mossy_cobblestone": "2024-05-18 03:42:55 +0000"
    },
    "done": true
  },
  "minecraft:adventure/sleep_in_bed": {
    "criteria": {
      "slept_in_bed": "2024-05-18 03:38:59 +0000"
    },
    "done": true
  },
  "minecraft:recipes/building_blocks/cobblestone_slab_from_cobblestone_stonecutting": {
    "criteria": {
      "has_cobblestone": "2024-05-18 03:35:19 +0000"
    },
    "done": true
  },
  "minecraft:recipes/building_blocks/oak_stairs": {
    "criteria": {
      "has_planks": "2024-05-18 03:35:37 +0000"
    },
    "done": true
  },
  "minecraft:recipes/building_blocks/polished_andesite_slab_from_andesite_stonecutting": {
    "criteria": {
      "has_andesite": "2024-05-18 03:43:19 +0000"
    },
    "done": true
  },
  "minecraft:recipes/decorations/birch_sign": {
    "criteria": {
      "has_planks": "2024-05-18 03:54:33 +0000"
    },
    "done": true
  },
  "minecraft:recipes/transportation/cherry_boat": {
    "criteria": {
      "in_water": "2024-05-18 03:32:19 +0000"
    },
    "done": true
  },
  "minecraft:recipes/building_blocks/white_concrete_powder": {
    "criteria": {
      "has_gravel": "2024-05-18 04:07:14 +0000"
    },
    "done": true
  },
  "minecraft:adventure/kill_all_mobs": {
    "criteria": {
      "minecraft:skeleton": "2024-05-18 03:47:35 +0000",
      "minecraft:creeper": "2024-05-18 03:39:34 +0000",
      "minecraft:zombie": "2024-05-18 04:22:26 +0000"
    },
    "done": false
  },
  "minecraft:recipes/building_blocks/birch_wood": {
    "criteria": {
      "has_log": "2024-05-18 03:41:27 +0000"
    },
    "done": true
  },
  "minecraft:recipes/decorations/chain": {
    "criteria": {
      "has_iron_ingot": "2024-05-18 03:53:18 +0000"
    },
    "done": true
  },
  "minecraft:recipes/decorations/oak_fence": {
    "criteria": {
      "has_planks": "2024-05-18 03:35:37 +0000"
    },
    "done": true
  },
  "croptopia:recipes/misc/peach_sapling": {
    "criteria": {
      "has_peach": "2024-05-18 03:39:54 +0000"
    },
    "done": true
  },
  "minecraft:recipes/food/cooked_porkchop_from_campfire_cooking": {
    "criteria": {
      "has_porkchop": "2024-05-18 04:40:18 +0000"
    },
    "done": true
  },
  "minecraft:recipes/building_blocks/iron_block": {
    "criteria": {
      "has_iron_ingot": "2024-05-18 03:53:18 +0000"
    },
    "done": true
  },
  "friendsandfoes:adventure/it_bites": {
    "criteria": {
      "killed_mauler": "2024-05-18 04:39:44 +0000"
    },
    "done": true
  },
  "croptopia:recipes/shaped_bacon": {
    "criteria": {
      "has_porkchop": "2024-05-18 04:40:18 +0000"
    },
    "done": true
  },
  "minecraft:recipes/redstone/tripwire_hook": {
    "criteria": {
      "has_string": "2024-05-18 03:48:11 +0000"
    },
    "done": true
  },
  "minecraft:recipes/misc/bone_meal": {
    "criteria": {
      "has_bone": "2024-05-18 03:47:36 +0000"
    },
    "done": true
  },
  "minecraft:recipes/redstone/birch_fence_gate": {
    "criteria": {
      "has_planks": "2024-05-18 03:54:33 +0000"
    },
    "done": true
  },
  "minecraft:recipes/decorations/cobbled_deepslate_wall": {
    "criteria": {
      "has_cobbled_deepslate": "2024-05-18 04:05:59 +0000"
    },
    "done": true
  },
  "minecraft:recipes/decorations/polished_deepslate_wall_from_cobbled_deepslate_stonecutting": {
    "criteria": {
      "has_cobbled_deepslate": "2024-05-18 04:05:59 +0000"
    },
    "done": true
  },
  "minecraft:recipes/building_blocks/stone": {
    "criteria": {
      "has_cobblestone": "2024-05-18 03:35:19 +0000"
    },
    "done": true
  },
  "minecraft:recipes/transportation/bamboo_raft": {
    "criteria": {
      "in_water": "2024-05-18 03:32:19 +0000"
    },
    "done": true
  },
  "minecraft:recipes/decorations/smithing_table": {
    "criteria": {
      "has_iron_ingot": "2024-05-18 03:53:18 +0000"
    },
    "done": true
  },
  "minecraft:recipes/decorations/candle": {
    "criteria": {
      "has_string": "2024-05-18 03:48:11 +0000"
    },
    "done": true
  },
  "croptopia:recipes/chilli_relleno": {
    "criteria": {
      "has_egg": "2024-05-18 03:40:40 +0000"
    },
    "done": true
  },
  "minecraft:recipes/transportation/spruce_boat": {
    "criteria": {
      "in_water": "2024-05-18 03:32:19 +0000"
    },
    "done": true
  },
  "minecraft:recipes/building_blocks/birch_slab": {
    "criteria": {
      "has_planks": "2024-05-18 03:54:33 +0000"
    },
    "done": true
  },
  "dungeons_arise:find_mushroom_house": {
    "criteria": {
      "location0": "2024-05-18 03:32:36 +0000"
    },
    "done": true
  },
  "minecraft:husbandry/root": {
    "criteria": {
      "consumed_item": "2024-05-18 03:41:11 +0000"
    },
    "done": true
  },
  "minecraft:recipes/transportation/birch_boat": {
    "criteria": {
      "in_water": "2024-05-18 03:32:19 +0000"
    },
    "done": true
  },
  "minecraft:recipes/building_blocks/cobbled_deepslate_stairs_from_cobbled_deepslate_stonecutting": {
    "criteria": {
      "has_cobbled_deepslate": "2024-05-18 04:05:59 +0000"
    },
    "done": true
  },
  "minecraft:recipes/building_blocks/deepslate": {
    "criteria": {
      "has_cobbled_deepslate": "2024-05-18 04:05:59 +0000"
    },
    "done": true
  },
  "croptopia:recipes/misc/peach_jam": {
    "criteria": {
      "has_peach": "2024-05-18 03:39:54 +0000"
    },
    "done": true
  },
  "minecraft:recipes/decorations/white_carpet": {
    "criteria": {
      "has_white_wool": "2024-05-18 03:37:01 +0000"
    },
    "done": true
  },
  "tombstone:adventure/first_knowledge": {
    "criteria": {
      "coded_trigger": "2024-05-18 04:40:39 +0000"
    },
    "done": true
  },
  "croptopia:recipes/food/pork_jerky": {
    "criteria": {
      "has_the_recipe": "2024-05-18 04:40:18 +0000"
    },
    "done": true
  },
  "minecraft:recipes/transportation/oak_boat": {
    "criteria": {
      "in_water": "2024-05-18 03:32:19 +0000"
    },
    "done": true
  },
  "croptopia:recipes/misc/apple_sapling": {
    "criteria": {
      "has_apple": "2024-05-18 03:31:48 +0000"
    },
    "done": true
  },
  "minecraft:recipes/building_blocks/andesite_slab_from_andesite_stonecutting": {
    "criteria": {
      "has_andesite": "2024-05-18 03:43:19 +0000"
    },
    "done": true
  },
  "minecraft:recipes/building_blocks/coal_block": {
    "criteria": {
      "has_coal": "2024-05-18 03:38:57 +0000"
    },
    "done": true
  },
  "minecraft:recipes/building_blocks/mossy_cobblestone_slab": {
    "criteria": {
      "has_mossy_cobblestone": "2024-05-18 03:42:55 +0000"
    },
    "done": true
  },
  "croptopia:recipes/chicken_and_rice": {
    "criteria": {
      "has_chicken": "2024-05-18 03:40:25 +0000"
    },
    "done": true
  },
  "minecraft:recipes/building_blocks/polished_deepslate_stairs_from_cobbled_deepslate_stonecutting": {
    "criteria": {
      "has_cobbled_deepslate": "2024-05-18 04:05:59 +0000"
    },
    "done": true
  },
  "minecraft:recipes/redstone/oak_button": {
    "criteria": {
      "has_planks": "2024-05-18 03:35:37 +0000"
    },
    "done": true
  },
  "minecraft:recipes/building_blocks/birch_stairs": {
    "criteria": {
      "has_planks": "2024-05-18 03:54:33 +0000"
    },
    "done": true
  },
  "minecraft:recipes/building_blocks/mossy_cobblestone_stairs": {
    "criteria": {
      "has_mossy_cobblestone": "2024-05-18 03:42:55 +0000"
    },
    "done": true
  },
  "minecraft:recipes/combat/iron_sword": {
    "criteria": {
      "has_iron_ingot": "2024-05-18 03:53:18 +0000"
    },
    "done": true
  },
  "minecraft:recipes/building_blocks/lime_concrete_powder": {
    "criteria": {
      "has_gravel": "2024-05-18 04:07:14 +0000"
    },
    "done": true
  },
  "minecraft:recipes/tools/iron_pickaxe": {
    "criteria": {
      "has_iron_ingot": "2024-05-18 03:53:18 +0000"
    },
    "done": true
  },
  "minecraft:recipes/transportation/mangrove_boat": {
    "criteria": {
      "in_water": "2024-05-18 03:32:19 +0000"
    },
    "done": true
  },
  "minecraft:recipes/decorations/torch": {
    "criteria": {
      "has_stone_pickaxe": "2024-05-18 03:36:01 +0000"
    },
    "done": true
  },
  "minecraft:recipes/combat/shield": {
    "criteria": {
      "has_iron_ingot": "2024-05-18 03:53:18 +0000"
    },
    "done": true
  },
  "minecraft:recipes/redstone/hopper": {
    "criteria": {
      "has_iron_ingot": "2024-05-18 03:53:18 +0000"
    },
    "done": true
  },
  "minecraft:recipes/building_blocks/andesite_stairs_from_andesite_stonecutting": {
    "criteria": {
      "has_andesite": "2024-05-18 03:43:19 +0000"
    },
    "done": true
  },
  "minecraft:recipes/decorations/iron_bars": {
    "criteria": {
      "has_iron_ingot": "2024-05-18 03:53:18 +0000"
    },
    "done": true
  },
  "minecraft:recipes/decorations/deepslate_brick_wall_from_cobbled_deepslate_stonecutting": {
    "criteria": {
      "has_cobbled_deepslate": "2024-05-18 04:05:59 +0000"
    },
    "done": true
  },
  "minecraft:recipes/building_blocks/polished_deepslate_from_cobbled_deepslate_stonecutting": {
    "criteria": {
      "has_cobbled_deepslate": "2024-05-18 04:05:59 +0000"
    },
    "done": true
  },
  "minecraft:recipes/building_blocks/polished_deepslate_slab_from_cobbled_deepslate_stonecutting": {
    "criteria": {
      "has_cobbled_deepslate": "2024-05-18 04:05:59 +0000"
    },
    "done": true
  },
  "minecraft:recipes/building_blocks/orange_concrete_powder": {
    "criteria": {
      "has_gravel": "2024-05-18 04:07:14 +0000"
    },
    "done": true
  },
  "minecraft:recipes/food/cooked_porkchop": {
    "criteria": {
      "has_porkchop": "2024-05-18 04:40:18 +0000"
    },
    "done": true
  },
  "minecraft:recipes/building_blocks/oak_slab": {
    "criteria": {
      "has_planks": "2024-05-18 03:35:37 +0000"
    },
    "done": true
  },
  "croptopia:recipes/egg_roll": {
    "criteria": {
      "has_egg": "2024-05-18 03:40:40 +0000"
    },
    "done": true
  },
  "minecraft:recipes/combat/iron_boots": {
    "criteria": {
      "has_iron_ingot": "2024-05-18 03:53:18 +0000"
    },
    "done": true
  },
  "minecraft:recipes/building_blocks/birch_planks": {
    "criteria": {
      "has_logs": "2024-05-18 03:41:27 +0000"
    },
    "done": true
  },
  "croptopia:recipes/misc/frying_pan": {
    "criteria": {
      "has_iron": "2024-05-18 03:53:18 +0000"
    },
    "done": true
  },
  "minecraft:recipes/misc/iron_ingot_from_smelting_raw_iron": {
    "criteria": {
      "has_raw_iron": "2024-05-18 03:46:26 +0000"
    },
    "done": true
  },
  "minecraft:recipes/tools/stone_pickaxe": {
    "criteria": {
      "has_cobblestone": "2024-05-18 03:35:19 +0000"
    },
    "done": true
  },
  "minecraft:recipes/building_blocks/deepslate_brick_slab_from_cobbled_deepslate_stonecutting": {
    "criteria": {
      "has_cobbled_deepslate": "2024-05-18 04:05:59 +0000"
    },
    "done": true
  },
  "dungeons_arise:wda_root": {
    "criteria": {
      "WDA": "2024-05-18 03:30:38 +0000"
    },
    "done": true
  },
  "minecraft:recipes/decorations/lantern": {
    "criteria": {
      "has_iron_ingot": "2024-05-18 03:53:18 +0000"
    },
    "done": true
  },
  "minecraft:recipes/building_blocks/cobbled_deepslate_slab_from_cobbled_deepslate_stonecutting": {
    "criteria": {
      "has_cobbled_deepslate": "2024-05-18 04:05:59 +0000"
    },
    "done": true
  },
  "minecraft:recipes/food/cooked_mutton": {
    "criteria": {
      "has_mutton": "2024-05-18 03:37:01 +0000"
    },
    "done": true
  },
  "minecraft:recipes/building_blocks/magenta_concrete_powder": {
    "criteria": {
      "has_gravel": "2024-05-18 04:07:14 +0000"
    },
    "done": true
  },
  "minecraft:recipes/decorations/campfire": {
    "criteria": {
      "has_stick": "2024-05-18 03:35:39 +0000"
    },
    "done": true
  },
  "minecraft:recipes/building_blocks/deepslate_tile_slab_from_cobbled_deepslate_stonecutting": {
    "criteria": {
      "has_cobbled_deepslate": "2024-05-18 04:05:59 +0000"
    },
    "done": true
  },
  "friendsandfoes:adventure/complete_hide_and_seek_game": {
    "criteria": {
      "friendsandfoes:complete_hide_and_seek_game": "2024-05-18 04:28:34 +0000"
    },
    "done": true
  },
  "minecraft:recipes/tools/wooden_hoe": {
    "criteria": {
      "has_stick": "2024-05-18 03:35:39 +0000"
    },
    "done": true
  },
  "hangglider:recipes/tools/glider_framework": {
    "criteria": {
      "has_iron_ingot": "2024-05-18 03:53:18 +0000"
    },
    "done": true
  },
  "tombstone:adventure/first_grave": {
    "criteria": {
      "coded_trigger": "2024-05-18 03:33:40 +0000"
    },
    "done": true
  },
  "minecraft:recipes/decorations/white_banner": {
    "criteria": {
      "has_white_wool": "2024-05-18 03:37:01 +0000"
    },
    "done": true
  },
  "minecraft:recipes/decorations/mossy_cobblestone_wall": {
    "criteria": {
      "has_mossy_cobblestone": "2024-05-18 03:42:55 +0000"
    },
    "done": true
  },
  "minecraft:recipes/food/cooked_chicken_from_smoking": {
    "criteria": {
      "has_chicken": "2024-05-18 03:40:25 +0000"
    },
    "done": true
  },
  "minecraft:recipes/redstone/oak_fence_gate": {
    "criteria": {
      "has_planks": "2024-05-18 03:35:37 +0000"
    },
    "done": true
  },
  "minecraft:recipes/misc/charcoal": {
    "criteria": {
      "has_log": "2024-05-18 03:41:27 +0000"
    },
    "done": true
  },
  "minecraft:recipes/tools/wooden_pickaxe": {
    "criteria": {
      "has_stick": "2024-05-18 03:35:39 +0000"
    },
    "done": true
  },
  "minecraft:recipes/building_blocks/cobbled_deepslate_stairs": {
    "criteria": {
      "has_cobbled_deepslate": "2024-05-18 04:05:59 +0000"
    },
    "done": true
  },
  "minecraft:recipes/building_blocks/polished_andesite_from_andesite_stonecutting": {
    "criteria": {
      "has_andesite": "2024-05-18 03:43:19 +0000"
    },
    "done": true
  },
  "minecraft:recipes/tools/iron_shovel": {
    "criteria": {
      "has_iron_ingot": "2024-05-18 03:53:18 +0000"
    },
    "done": true
  },
  "croptopia:recipes/misc/meringue": {
    "criteria": {
      "has_egg": "2024-05-18 03:40:40 +0000"
    },
    "done": true
  },
  "minecraft:story/upgrade_tools": {
    "criteria": {
      "stone_pickaxe": "2024-05-18 03:36:01 +0000"
    },
    "done": true
  },
  "croptopia:recipes/documentation": {
    "criteria": {
      "has_crop": "2024-05-18 03:31:48 +0000"
    },
    "done": true
  },
  "croptopia:recipes/scrambled_eggs": {
    "criteria": {
      "has_egg": "2024-05-18 03:40:40 +0000"
    },
    "done": true
  },
  "croptopia:recipes/cashew_chicken": {
    "criteria": {
      "has_cooked_chicken": "2024-05-18 03:55:05 +0000"
    },
    "done": true
  },
  "minecraft:recipes/redstone/oak_pressure_plate": {
    "criteria": {
      "has_planks": "2024-05-18 03:35:37 +0000"
    },
    "done": true
  },
  "minecraft:recipes/building_blocks/polished_andesite": {
    "criteria": {
      "has_andesite": "2024-05-18 03:43:19 +0000"
    },
    "done": true
  },
  "minecraft:recipes/redstone/oak_door": {
    "criteria": {
      "has_planks": "2024-05-18 03:35:37 +0000"
    },
    "done": true
  },
  "minecraft:recipes/redstone/birch_trapdoor": {
    "criteria": {
      "has_planks": "2024-05-18 03:54:33 +0000"
    },
    "done": true
  },
  "croptopia:recipes/fruit_salad": {
    "criteria": {
      "has_apple": "2024-05-18 03:31:48 +0000"
    },
    "done": true
  },
  "minecraft:recipes/food/cooked_mutton_from_campfire_cooking": {
    "criteria": {
      "has_mutton": "2024-05-18 03:37:01 +0000"
    },
    "done": true
  },
  "minecraft:recipes/building_blocks/yellow_concrete_powder": {
    "criteria": {
      "has_gravel": "2024-05-18 04:07:14 +0000"
    },
    "done": true
  },
  "croptopia:recipes/chicken_and_dumplings": {
    "criteria": {
      "has_chicken": "2024-05-18 03:40:25 +0000"
    },
    "done": true
  },
  "minecraft:recipes/tools/wooden_shovel": {
    "criteria": {
      "has_stick": "2024-05-18 03:35:39 +0000"
    },
    "done": true
  },
  "minecraft:recipes/building_blocks/mossy_cobblestone_slab_from_mossy_cobblestone_stonecutting": {
    "criteria": {
      "has_mossy_cobblestone": "2024-05-18 03:42:55 +0000"
    },
    "done": true
  },
  "minecraft:recipes/building_blocks/cobblestone_slab": {
    "criteria": {
      "has_cobblestone": "2024-05-18 03:35:19 +0000"
    },
    "done": true
  },
  "minecraft:recipes/transportation/acacia_boat": {
    "criteria": {
      "in_water": "2024-05-18 03:32:19 +0000"
    },
    "done": true
  },
  "minecraft:recipes/redstone/iron_trapdoor": {
    "criteria": {
      "has_iron_ingot": "2024-05-18 03:53:18 +0000"
    },
    "done": true
  },
  "minecraft:adventure/root": {
    "criteria": {
      "killed_by_something": "2024-05-18 03:33:40 +0000"
    },
    "done": true
  },
  "minecraft:recipes/building_blocks/white_wool_from_string": {
    "criteria": {
      "has_string": "2024-05-18 03:48:11 +0000"
    },
    "done": true
  },
  "minecraft:recipes/decorations/deepslate_tile_wall_from_cobbled_deepslate_stonecutting": {
    "criteria": {
      "has_cobbled_deepslate": "2024-05-18 04:05:59 +0000"
    },
    "done": true
  },
  "minecraft:recipes/misc/iron_ingot_from_blasting_raw_iron": {
    "criteria": {
      "has_raw_iron": "2024-05-18 03:46:26 +0000"
    },
    "done": true
  },
  "minecraft:recipes/combat/wooden_sword": {
    "criteria": {
      "has_stick": "2024-05-18 03:35:39 +0000"
    },
    "done": true
  },
  "minecraft:recipes/building_blocks/gray_concrete_powder": {
    "criteria": {
      "has_gravel": "2024-05-18 04:07:14 +0000"
    },
    "done": true
  },
  "minecraft:recipes/tools/iron_axe": {
    "criteria": {
      "has_iron_ingot": "2024-05-18 03:53:18 +0000"
    },
    "done": true
  },
  "croptopia:recipes/misc/knife": {
    "criteria": {
      "has_iron": "2024-05-18 03:53:18 +0000"
    },
    "done": true
  },
  "minecraft:recipes/building_blocks/black_concrete_powder": {
    "criteria": {
      "has_gravel": "2024-05-18 04:07:14 +0000"
    },
    "done": true
  },
  "minecraft:recipes/combat/crossbow": {
    "criteria": {
      "has_string": "2024-05-18 03:48:11 +0000"
    },
    "done": true
  },
  "minecraft:recipes/food/cooked_porkchop_from_smoking": {
    "criteria": {
      "has_porkchop": "2024-05-18 04:40:18 +0000"
    },
    "done": true
  },
  "minecraft:recipes/misc/iron_nugget_from_blasting": {
    "criteria": {
      "has_iron_sword": "2024-05-18 03:53:25 +0000"
    },
    "done": true
  },
  "minecraft:adventure/kill_a_mob": {
    "criteria": {
      "minecraft:creeper": "2024-05-18 03:39:34 +0000"
    },
    "done": true
  },
  "minecraft:recipes/building_blocks/deepslate_bricks_from_cobbled_deepslate_stonecutting": {
    "criteria": {
      "has_cobbled_deepslate": "2024-05-18 04:05:59 +0000"
    },
    "done": true
  },
  "minecraft:adventure/adventuring_time": {
    "criteria": {
      "minecraft:cherry_grove": "2024-05-18 04:38:57 +0000",
      "minecraft:savanna_plateau": "2024-05-18 04:39:38 +0000",
      "minecraft:beach": "2024-05-18 03:33:24 +0000",
      "minecraft:lukewarm_ocean": "2024-05-18 04:48:15 +0000",
      "minecraft:river": "2024-05-18 03:32:25 +0000",
      "minecraft:forest": "2024-05-18 03:32:39 +0000",
      "minecraft:savanna": "2024-05-18 04:39:15 +0000",
      "minecraft:plains": "2024-05-18 03:30:39 +0000"
    },
    "done": false
  },
  "minecraft:recipes/decorations/barrel": {
    "criteria": {
      "has_planks": "2024-05-18 03:35:37 +0000"
    },
    "done": true
  },
  "minecraft:recipes/decorations/cobblestone_wall_from_cobblestone_stonecutting": {
    "criteria": {
      "has_cobblestone": "2024-05-18 03:35:19 +0000"
    },
    "done": true
  },
  "minecraft:recipes/decorations/andesite_wall": {
    "criteria": {
      "has_andesite": "2024-05-18 03:43:19 +0000"
    },
    "done": true
  },
  "minecraft:recipes/building_blocks/andesite_slab": {
    "criteria": {
      "has_andesite": "2024-05-18 03:43:19 +0000"
    },
    "done": true
  },
  "croptopia:recipes/chicken_and_noodles": {
    "criteria": {
      "has_chicken": "2024-05-18 03:40:25 +0000"
    },
    "done": true
  },
  "minecraft:recipes/building_blocks/cobblestone_stairs_from_cobblestone_stonecutting": {
    "criteria": {
      "has_cobblestone": "2024-05-18 03:35:19 +0000"
    },
    "done": true
  },
  "minecraft:recipes/building_blocks/polished_andesite_stairs_from_andesite_stonecutting": {
    "criteria": {
      "has_andesite": "2024-05-18 03:43:19 +0000"
    },
    "done": true
  },
  "minecraft:recipes/decorations/white_bed": {
    "criteria": {
      "has_white_wool": "2024-05-18 03:37:01 +0000"
    },
    "done": true
  },
  "minecraft:recipes/redstone/birch_pressure_plate": {
    "criteria": {
      "has_planks": "2024-05-18 03:54:33 +0000"
    },
    "done": true
  },
  "croptopia:recipes/fried_chicken": {
    "criteria": {
      "has_chicken": "2024-05-18 03:40:25 +0000"
    },
    "done": true
  },
  "minecraft:husbandry/balanced_diet": {
    "criteria": {
      "cooked_mutton": "2024-05-18 04:21:19 +0000",
      "apple": "2024-05-18 03:41:11 +0000"
    },
    "done": false
  },
  "minecraft:recipes/building_blocks/cobblestone_stairs": {
    "criteria": {
      "has_cobblestone": "2024-05-18 03:35:19 +0000"
    },
    "done": true
  },
  "minecraft:recipes/building_blocks/deepslate_tiles_from_cobbled_deepslate_stonecutting": {
    "criteria": {
      "has_cobbled_deepslate": "2024-05-18 04:05:59 +0000"
    },
    "done": true
  },
  "minecraft:recipes/decorations/mossy_cobblestone_wall_from_mossy_cobblestone_stonecutting": {
    "criteria": {
      "has_mossy_cobblestone": "2024-05-18 03:42:55 +0000"
    },
    "done": true
  },
  "minecraft:recipes/building_blocks/purple_concrete_powder": {
    "criteria": {
      "has_gravel": "2024-05-18 04:07:14 +0000"
    },
    "done": true
  },
  "tombstone:adventure/strong_or_careful": {
    "criteria": {
      "coded_trigger": "2024-05-18 04:40:39 +0000"
    },
    "done": true
  },
  "minecraft:recipes/tools/stone_hoe": {
    "criteria": {
      "has_cobblestone": "2024-05-18 03:35:19 +0000"
    },
    "done": true
  },
  "minecraft:recipes/building_blocks/cyan_concrete_powder": {
    "criteria": {
      "has_gravel": "2024-05-18 04:07:14 +0000"
    },
    "done": true
  },
  "minecraft:recipes/decorations/loom": {
    "criteria": {
      "has_string": "2024-05-18 03:48:11 +0000"
    },
    "done": true
  },
  "minecraft:recipes/misc/nether_brick": {
    "criteria": {
      "has_netherrack": "2024-05-18 03:38:27 +0000"
    },
    "done": true
  },
  "minecraft:recipes/tools/stone_shovel": {
    "criteria": {
      "has_cobblestone": "2024-05-18 03:35:19 +0000"
    },
    "done": true
  },
  "tombstone:adventure/root": {
    "criteria": {
      "auto": "2024-05-18 03:30:39 +0000"
    },
    "done": true
  },
  "minecraft:story/root": {
    "criteria": {
      "crafting_table": "2024-05-18 03:36:54 +0000"
    },
    "done": true
  },
  "minecraft:recipes/redstone/iron_door": {
    "criteria": {
      "has_iron_ingot": "2024-05-18 03:53:18 +0000"
    },
    "done": true
  },
  "croptopia:recipes/misc/cooking_pot": {
    "criteria": {
      "has_iron": "2024-05-18 03:53:18 +0000"
    },
    "done": true
  },
  "minecraft:recipes/transportation/jungle_boat": {
    "criteria": {
      "in_water": "2024-05-18 03:32:19 +0000"
    },
    "done": true
  },
  "minecraft:recipes/redstone/heavy_weighted_pressure_plate": {
    "criteria": {
      "has_iron_ingot": "2024-05-18 03:53:18 +0000"
    },
    "done": true
  },
  "minecraft:recipes/transportation/dark_oak_boat": {
    "criteria": {
      "in_water": "2024-05-18 03:32:19 +0000"
    },
    "done": true
  },
  "DataVersion": 3465
}