{
  "minecraft:recipes/decorations/crafting_table": {
    "criteria": {
      "unlock_right_away": "2024-06-21 02:38:27 +0000"
    },
    "done": true
  },
  "minecraft:adventure/adventuring_time": {
    "criteria": {
      "minecraft:snowy_plains": "2024-06-21 02:38:28 +0000",
      "minecraft:snowy_beach": "2024-06-21 02:38:35 +0000",
      "minecraft:plains": "2024-06-21 02:40:20 +0000"
    },
    "done": false
  },
  "minecraft:recipes/food/cake": {
    "criteria": {
      "has_egg": "2024-06-21 02:40:30 +0000"
    },
    "done": true
  },
  "DataVersion": 3953
}